,Survived,Pclass,Fare,Age,Embarked_C,Embarked_S,Embarked_Q,Title_Master,Title_Miss,Title_Mr,Title_Mrs,Title_Rare_Title,Sex_Female
0,0.0,3.0,7.25,22.0,0.0,1.0,0.0,0.0,0.0,1.0,0.0,0.0,0.0
1,1.0,1.0,71.2833,38.0,1.0,0.0,0.0,0.0,0.0,0.0,1.0,0.0,1.0
2,1.0,3.0,7.925,26.0,0.0,1.0,0.0,0.0,1.0,0.0,0.0,0.0,1.0
3,1.0,1.0,53.1,35.0,0.0,1.0,0.0,0.0,0.0,0.0,1.0,0.0,1.0
4,0.0,3.0,8.05,35.0,0.0,1.0,0.0,0.0,0.0,1.0,0.0,0.0,0.0
5,0.0,3.0,8.4583,26.355948962518998,0.0,0.0,1.0,0.0,0.0,1.0,0.0,0.0,0.0
6,0.0,1.0,51.8625,54.0,0.0,1.0,0.0,0.0,0.0,1.0,0.0,0.0,0.0
7,0.0,3.0,21.075,2.0,0.0,1.0,0.0,1.0,0.0,0.0,0.0,0.0,0.0
8,1.0,3.0,11.1333,27.0,0.0,1.0,0.0,0.0,0.0,0.0,1.0,0.0,1.0
9,1.0,2.0,30.0708,14.0,1.0,0.0,0.0,0.0,0.0,0.0,1.0,0.0,1.0
10,1.0,3.0,16.7,4.0,0.0,1.0,0.0,0.0,1.0,0.0,0.0,0.0,1.0
11,1.0,1.0,26.55,58.0,0.0,1.0,0.0,0.0,1.0,0.0,0.0,0.0,1.0
12,0.0,3.0,8.05,20.0,0.0,1.0,0.0,0.0,0.0,1.0,0.0,0.0,0.0
13,0.0,3.0,31.275,39.0,0.0,1.0,0.0,0.0,0.0,1.0,0.0,0.0,0.0
14,0.0,3.0,7.8542,14.0,0.0,1.0,0.0,0.0,1.0,0.0,0.0,0.0,1.0
15,1.0,2.0,16.0,55.0,0.0,1.0,0.0,0.0,0.0,0.0,1.0,0.0,1.0
16,0.0,3.0,29.125,2.0,0.0,0.0,1.0,1.0,0.0,0.0,0.0,0.0,0.0
17,1.0,2.0,13.0,27.520223771252745,0.0,1.0,0.0,0.0,0.0,1.0,0.0,0.0,0.0
18,0.0,3.0,18.0,31.0,0.0,1.0,0.0,0.0,0.0,0.0,1.0,0.0,1.0
19,1.0,3.0,7.225,19.30489725260853,1.0,0.0,0.0,0.0,0.0,0.0,1.0,0.0,1.0
20,0.0,2.0,26.0,35.0,0.0,1.0,0.0,0.0,0.0,1.0,0.0,0.0,0.0
21,1.0,2.0,13.0,34.0,0.0,1.0,0.0,0.0,0.0,1.0,0.0,0.0,0.0
22,1.0,3.0,8.0292,15.0,0.0,0.0,1.0,0.0,1.0,0.0,0.0,0.0,1.0
23,1.0,1.0,35.5,28.0,0.0,1.0,0.0,0.0,0.0,1.0,0.0,0.0,0.0
24,0.0,3.0,21.075,8.0,0.0,1.0,0.0,0.0,1.0,0.0,0.0,0.0,1.0
25,1.0,3.0,31.3875,38.0,0.0,1.0,0.0,0.0,0.0,0.0,1.0,0.0,1.0
26,0.0,3.0,7.225,25.78934926912195,1.0,0.0,0.0,0.0,0.0,1.0,0.0,0.0,0.0
27,0.0,1.0,263.0,19.0,0.0,1.0,0.0,0.0,0.0,1.0,0.0,0.0,0.0
28,1.0,3.0,7.8792,12.50827941915855,0.0,0.0,1.0,0.0,1.0,0.0,0.0,0.0,1.0
29,0.0,3.0,7.8958,15.32047391701757,0.0,1.0,0.0,0.0,0.0,1.0,0.0,0.0,0.0
30,0.0,1.0,27.7208,40.0,1.0,0.0,0.0,0.0,0.0,0.0,0.0,1.0,0.0
31,1.0,1.0,146.5208,55.705819135579524,1.0,0.0,0.0,0.0,0.0,0.0,1.0,0.0,1.0
32,1.0,3.0,7.75,25.8365017022373,0.0,0.0,1.0,0.0,1.0,0.0,0.0,0.0,1.0
33,0.0,2.0,10.5,66.0,0.0,1.0,0.0,0.0,0.0,1.0,0.0,0.0,0.0
34,0.0,1.0,82.1708,28.0,1.0,0.0,0.0,0.0,0.0,1.0,0.0,0.0,0.0
35,0.0,1.0,52.0,42.0,0.0,1.0,0.0,0.0,0.0,1.0,0.0,0.0,0.0
36,1.0,3.0,7.2292,47.58891237289892,1.0,0.0,0.0,0.0,0.0,1.0,0.0,0.0,0.0
37,0.0,3.0,8.05,21.0,0.0,1.0,0.0,0.0,0.0,1.0,0.0,0.0,0.0
38,0.0,3.0,18.0,18.0,0.0,1.0,0.0,0.0,1.0,0.0,0.0,0.0,1.0
39,1.0,3.0,11.2417,14.0,1.0,0.0,0.0,0.0,1.0,0.0,0.0,0.0,1.0
40,0.0,3.0,9.475,40.0,0.0,1.0,0.0,0.0,0.0,0.0,1.0,0.0,1.0
41,0.0,2.0,21.0,27.0,0.0,1.0,0.0,0.0,0.0,0.0,1.0,0.0,1.0
42,0.0,3.0,7.8958,15.196739083159764,1.0,0.0,0.0,0.0,0.0,1.0,0.0,0.0,0.0
43,1.0,2.0,41.5792,3.0,1.0,0.0,0.0,0.0,1.0,0.0,0.0,0.0,1.0
44,1.0,3.0,7.8792,19.0,0.0,0.0,1.0,0.0,1.0,0.0,0.0,0.0,1.0
45,0.0,3.0,8.05,15.958742386486799,0.0,1.0,0.0,0.0,0.0,1.0,0.0,0.0,0.0
46,0.0,3.0,15.5,18.041431329403878,0.0,0.0,1.0,0.0,0.0,1.0,0.0,0.0,0.0
47,1.0,3.0,7.75,10.44120585586029,0.0,0.0,1.0,0.0,1.0,0.0,0.0,0.0,1.0
48,0.0,3.0,21.6792,16.605457456087986,1.0,0.0,0.0,0.0,0.0,1.0,0.0,0.0,0.0
49,0.0,3.0,17.8,18.0,0.0,1.0,0.0,0.0,0.0,0.0,1.0,0.0,1.0
50,0.0,3.0,39.6875,7.0,0.0,1.0,0.0,1.0,0.0,0.0,0.0,0.0,0.0
51,0.0,3.0,7.8,21.0,0.0,1.0,0.0,0.0,0.0,1.0,0.0,0.0,0.0
52,1.0,1.0,76.7292,49.0,1.0,0.0,0.0,0.0,0.0,0.0,1.0,0.0,1.0
53,1.0,2.0,26.0,29.0,0.0,1.0,0.0,0.0,0.0,0.0,1.0,0.0,1.0
54,0.0,1.0,61.9792,65.0,1.0,0.0,0.0,0.0,0.0,1.0,0.0,0.0,0.0
55,1.0,1.0,35.5,42.21977241369091,0.0,1.0,0.0,0.0,0.0,1.0,0.0,0.0,0.0
56,1.0,2.0,10.5,21.0,0.0,1.0,0.0,0.0,1.0,0.0,0.0,0.0,1.0
57,0.0,3.0,7.2292,28.5,1.0,0.0,0.0,0.0,0.0,1.0,0.0,0.0,0.0
58,1.0,2.0,27.75,5.0,0.0,1.0,0.0,0.0,1.0,0.0,0.0,0.0,1.0
59,0.0,3.0,46.9,11.0,0.0,1.0,0.0,1.0,0.0,0.0,0.0,0.0,0.0
60,0.0,3.0,7.2292,22.0,1.0,0.0,0.0,0.0,0.0,1.0,0.0,0.0,0.0
61,1.0,1.0,80.0,38.0,0.0,0.0,0.0,0.0,1.0,0.0,0.0,0.0,1.0
62,0.0,1.0,83.475,45.0,0.0,1.0,0.0,0.0,0.0,1.0,0.0,0.0,0.0
63,0.0,3.0,27.9,4.0,0.0,1.0,0.0,1.0,0.0,0.0,0.0,0.0,0.0
64,0.0,1.0,27.7208,37.35439281133894,1.0,0.0,0.0,0.0,0.0,1.0,0.0,0.0,0.0
65,1.0,3.0,15.2458,12.304753359559516,1.0,0.0,0.0,1.0,0.0,0.0,0.0,0.0,0.0
66,1.0,2.0,10.5,29.0,0.0,1.0,0.0,0.0,0.0,0.0,1.0,0.0,1.0
67,0.0,3.0,8.1583,19.0,0.0,1.0,0.0,0.0,0.0,1.0,0.0,0.0,0.0
68,1.0,3.0,7.925,17.0,0.0,1.0,0.0,0.0,1.0,0.0,0.0,0.0,1.0
69,0.0,3.0,8.6625,26.0,0.0,1.0,0.0,0.0,0.0,1.0,0.0,0.0,0.0
70,0.0,2.0,10.5,32.0,0.0,1.0,0.0,0.0,0.0,1.0,0.0,0.0,0.0
71,0.0,3.0,46.9,16.0,0.0,1.0,0.0,0.0,1.0,0.0,0.0,0.0,1.0
72,0.0,2.0,73.5,21.0,0.0,1.0,0.0,0.0,0.0,1.0,0.0,0.0,0.0
73,0.0,3.0,14.4542,26.0,1.0,0.0,0.0,0.0,0.0,1.0,0.0,0.0,0.0
74,1.0,3.0,56.4958,32.0,0.0,1.0,0.0,0.0,0.0,1.0,0.0,0.0,0.0
75,0.0,3.0,7.65,25.0,0.0,1.0,0.0,0.0,0.0,1.0,0.0,0.0,0.0
76,0.0,3.0,7.8958,27.389225845169726,0.0,1.0,0.0,0.0,0.0,1.0,0.0,0.0,0.0
77,0.0,3.0,8.05,20.49340861946256,0.0,1.0,0.0,0.0,0.0,1.0,0.0,0.0,0.0
78,1.0,2.0,29.0,0.83,0.0,1.0,0.0,1.0,0.0,0.0,0.0,0.0,0.0
79,1.0,3.0,12.475,30.0,0.0,1.0,0.0,0.0,1.0,0.0,0.0,0.0,1.0
80,0.0,3.0,9.0,22.0,0.0,1.0,0.0,0.0,0.0,1.0,0.0,0.0,0.0
81,1.0,3.0,9.5,29.0,0.0,1.0,0.0,0.0,0.0,1.0,0.0,0.0,0.0
82,1.0,3.0,7.7875,11.506268119108022,0.0,0.0,1.0,0.0,1.0,0.0,0.0,0.0,1.0
83,0.0,1.0,47.1,28.0,0.0,1.0,0.0,0.0,0.0,1.0,0.0,0.0,0.0
84,1.0,2.0,10.5,17.0,0.0,1.0,0.0,0.0,1.0,0.0,0.0,0.0,1.0
85,1.0,3.0,15.85,33.0,0.0,1.0,0.0,0.0,0.0,0.0,1.0,0.0,1.0
86,0.0,3.0,34.375,16.0,0.0,1.0,0.0,0.0,0.0,1.0,0.0,0.0,0.0
87,0.0,3.0,8.05,29.71540211715351,0.0,1.0,0.0,0.0,0.0,1.0,0.0,0.0,0.0
88,1.0,1.0,263.0,23.0,0.0,1.0,0.0,0.0,1.0,0.0,0.0,0.0,1.0
89,0.0,3.0,8.05,24.0,0.0,1.0,0.0,0.0,0.0,1.0,0.0,0.0,0.0
90,0.0,3.0,8.05,29.0,0.0,1.0,0.0,0.0,0.0,1.0,0.0,0.0,0.0
91,0.0,3.0,7.8542,20.0,0.0,1.0,0.0,0.0,0.0,1.0,0.0,0.0,0.0
92,0.0,1.0,61.175,46.0,0.0,1.0,0.0,0.0,0.0,1.0,0.0,0.0,0.0
93,0.0,3.0,20.575,26.0,0.0,1.0,0.0,0.0,0.0,1.0,0.0,0.0,0.0
94,0.0,3.0,7.25,59.0,0.0,1.0,0.0,0.0,0.0,1.0,0.0,0.0,0.0
95,0.0,3.0,8.05,34.02588875359871,0.0,1.0,0.0,0.0,0.0,1.0,0.0,0.0,0.0
96,0.0,1.0,34.6542,71.0,1.0,0.0,0.0,0.0,0.0,1.0,0.0,0.0,0.0
97,1.0,1.0,63.3583,23.0,1.0,0.0,0.0,0.0,0.0,1.0,0.0,0.0,0.0
98,1.0,2.0,23.0,34.0,0.0,1.0,0.0,0.0,0.0,0.0,1.0,0.0,1.0
99,0.0,2.0,26.0,34.0,0.0,1.0,0.0,0.0,0.0,1.0,0.0,0.0,0.0
100,0.0,3.0,7.8958,28.0,0.0,1.0,0.0,0.0,1.0,0.0,0.0,0.0,1.0
101,0.0,3.0,7.8958,29.856785400056634,0.0,1.0,0.0,0.0,0.0,1.0,0.0,0.0,0.0
102,0.0,1.0,77.2875,21.0,0.0,1.0,0.0,0.0,0.0,1.0,0.0,0.0,0.0
103,0.0,3.0,8.6542,33.0,0.0,1.0,0.0,0.0,0.0,1.0,0.0,0.0,0.0
104,0.0,3.0,7.925,37.0,0.0,1.0,0.0,0.0,0.0,1.0,0.0,0.0,0.0
105,0.0,3.0,7.8958,28.0,0.0,1.0,0.0,0.0,0.0,1.0,0.0,0.0,0.0
106,1.0,3.0,7.65,21.0,0.0,1.0,0.0,0.0,1.0,0.0,0.0,0.0,1.0
107,1.0,3.0,7.775,8.797374766643541,0.0,1.0,0.0,0.0,0.0,1.0,0.0,0.0,0.0
108,0.0,3.0,7.8958,38.0,0.0,1.0,0.0,0.0,0.0,1.0,0.0,0.0,0.0
109,1.0,3.0,24.15,29.01210496239059,0.0,0.0,1.0,0.0,1.0,0.0,0.0,0.0,1.0
110,0.0,1.0,52.0,47.0,0.0,1.0,0.0,0.0,0.0,1.0,0.0,0.0,0.0
111,0.0,3.0,14.4542,14.5,1.0,0.0,0.0,0.0,1.0,0.0,0.0,0.0,1.0
112,0.0,3.0,8.05,22.0,0.0,1.0,0.0,0.0,0.0,1.0,0.0,0.0,0.0
113,0.0,3.0,9.825,20.0,0.0,1.0,0.0,0.0,1.0,0.0,0.0,0.0,1.0
114,0.0,3.0,14.4583,17.0,1.0,0.0,0.0,0.0,1.0,0.0,0.0,0.0,1.0
115,0.0,3.0,7.925,21.0,0.0,1.0,0.0,0.0,0.0,1.0,0.0,0.0,0.0
116,0.0,3.0,7.75,70.5,0.0,0.0,1.0,0.0,0.0,1.0,0.0,0.0,0.0
117,0.0,2.0,21.0,29.0,0.0,1.0,0.0,0.0,0.0,1.0,0.0,0.0,0.0
118,0.0,1.0,247.5208,24.0,1.0,0.0,0.0,0.0,0.0,1.0,0.0,0.0,0.0
119,0.0,3.0,31.275,2.0,0.0,1.0,0.0,0.0,1.0,0.0,0.0,0.0,1.0
120,0.0,2.0,73.5,21.0,0.0,1.0,0.0,0.0,0.0,1.0,0.0,0.0,0.0
121,0.0,3.0,8.05,37.139312420413674,0.0,1.0,0.0,0.0,0.0,1.0,0.0,0.0,0.0
122,0.0,2.0,30.0708,32.5,1.0,0.0,0.0,0.0,0.0,1.0,0.0,0.0,0.0
123,1.0,2.0,13.0,32.5,0.0,1.0,0.0,0.0,1.0,0.0,0.0,0.0,1.0
124,0.0,1.0,77.2875,54.0,0.0,1.0,0.0,0.0,0.0,1.0,0.0,0.0,0.0
125,1.0,3.0,11.2417,12.0,1.0,0.0,0.0,1.0,0.0,0.0,0.0,0.0,0.0
126,0.0,3.0,7.75,13.069539405560716,0.0,0.0,1.0,0.0,0.0,1.0,0.0,0.0,0.0
127,1.0,3.0,7.1417,24.0,0.0,1.0,0.0,0.0,0.0,1.0,0.0,0.0,0.0
128,1.0,3.0,22.3583,20.3159898467779,1.0,0.0,0.0,0.0,1.0,0.0,0.0,0.0,1.0
129,0.0,3.0,6.975,45.0,0.0,1.0,0.0,0.0,0.0,1.0,0.0,0.0,0.0
130,0.0,3.0,7.8958,33.0,1.0,0.0,0.0,0.0,0.0,1.0,0.0,0.0,0.0
131,0.0,3.0,7.05,20.0,0.0,1.0,0.0,0.0,0.0,1.0,0.0,0.0,0.0
132,0.0,3.0,14.5,47.0,0.0,1.0,0.0,0.0,0.0,0.0,1.0,0.0,1.0
133,1.0,2.0,26.0,29.0,0.0,1.0,0.0,0.0,0.0,0.0,1.0,0.0,1.0
134,0.0,2.0,13.0,25.0,0.0,1.0,0.0,0.0,0.0,1.0,0.0,0.0,0.0
135,0.0,2.0,15.0458,23.0,1.0,0.0,0.0,0.0,0.0,1.0,0.0,0.0,0.0
136,1.0,1.0,26.2833,19.0,0.0,1.0,0.0,0.0,1.0,0.0,0.0,0.0,1.0
137,0.0,1.0,53.1,37.0,0.0,1.0,0.0,0.0,0.0,1.0,0.0,0.0,0.0
138,0.0,3.0,9.2167,16.0,0.0,1.0,0.0,0.0,0.0,1.0,0.0,0.0,0.0
139,0.0,1.0,79.2,24.0,1.0,0.0,0.0,0.0,0.0,1.0,0.0,0.0,0.0
140,0.0,3.0,15.2458,60.91582165869502,1.0,0.0,0.0,0.0,0.0,0.0,1.0,0.0,1.0
141,1.0,3.0,7.75,22.0,0.0,1.0,0.0,0.0,1.0,0.0,0.0,0.0,1.0
142,1.0,3.0,15.85,24.0,0.0,1.0,0.0,0.0,0.0,0.0,1.0,0.0,1.0
143,0.0,3.0,6.75,19.0,0.0,0.0,1.0,0.0,0.0,1.0,0.0,0.0,0.0
144,0.0,2.0,11.5,18.0,0.0,1.0,0.0,0.0,0.0,1.0,0.0,0.0,0.0
145,0.0,2.0,36.75,19.0,0.0,1.0,0.0,0.0,0.0,1.0,0.0,0.0,0.0
146,1.0,3.0,7.7958,27.0,0.0,1.0,0.0,0.0,0.0,1.0,0.0,0.0,0.0
147,0.0,3.0,34.375,9.0,0.0,1.0,0.0,0.0,1.0,0.0,0.0,0.0,1.0
148,0.0,2.0,26.0,36.5,0.0,1.0,0.0,0.0,0.0,1.0,0.0,0.0,0.0
149,0.0,2.0,13.0,42.0,0.0,1.0,0.0,0.0,0.0,0.0,0.0,1.0,0.0
150,0.0,2.0,12.525,51.0,0.0,1.0,0.0,0.0,0.0,0.0,0.0,1.0,0.0
151,1.0,1.0,66.6,22.0,0.0,1.0,0.0,0.0,0.0,0.0,1.0,0.0,1.0
152,0.0,3.0,8.05,55.5,0.0,1.0,0.0,0.0,0.0,1.0,0.0,0.0,0.0
153,0.0,3.0,14.5,40.5,0.0,1.0,0.0,0.0,0.0,1.0,0.0,0.0,0.0
154,0.0,3.0,7.3125,13.88822609229698,0.0,1.0,0.0,0.0,0.0,1.0,0.0,0.0,0.0
155,0.0,1.0,61.3792,51.0,1.0,0.0,0.0,0.0,0.0,1.0,0.0,0.0,0.0
156,1.0,3.0,7.7333,16.0,0.0,0.0,1.0,0.0,1.0,0.0,0.0,0.0,1.0
157,0.0,3.0,8.05,30.0,0.0,1.0,0.0,0.0,0.0,1.0,0.0,0.0,0.0
158,0.0,3.0,8.6625,18.48318591274216,0.0,1.0,0.0,0.0,0.0,1.0,0.0,0.0,0.0
159,0.0,3.0,69.55,24.534586268799337,0.0,1.0,0.0,1.0,0.0,0.0,0.0,0.0,0.0
160,0.0,3.0,16.1,44.0,0.0,1.0,0.0,0.0,0.0,1.0,0.0,0.0,0.0
161,1.0,2.0,15.75,40.0,0.0,1.0,0.0,0.0,0.0,0.0,1.0,0.0,1.0
162,0.0,3.0,7.775,26.0,0.0,1.0,0.0,0.0,0.0,1.0,0.0,0.0,0.0
163,0.0,3.0,8.6625,17.0,0.0,1.0,0.0,0.0,0.0,1.0,0.0,0.0,0.0
164,0.0,3.0,39.6875,1.0,0.0,1.0,0.0,1.0,0.0,0.0,0.0,0.0,0.0
165,1.0,3.0,20.525,9.0,0.0,1.0,0.0,1.0,0.0,0.0,0.0,0.0,0.0
166,1.0,1.0,55.0,22.33681555313043,0.0,1.0,0.0,0.0,0.0,0.0,1.0,0.0,1.0
167,0.0,3.0,27.9,45.0,0.0,1.0,0.0,0.0,0.0,0.0,1.0,0.0,1.0
168,0.0,1.0,25.925,62.75495498741513,0.0,1.0,0.0,0.0,0.0,1.0,0.0,0.0,0.0
169,0.0,3.0,56.4958,28.0,0.0,1.0,0.0,0.0,0.0,1.0,0.0,0.0,0.0
170,0.0,1.0,33.5,61.0,0.0,1.0,0.0,0.0,0.0,1.0,0.0,0.0,0.0
171,0.0,3.0,29.125,4.0,0.0,0.0,1.0,1.0,0.0,0.0,0.0,0.0,0.0
172,1.0,3.0,11.1333,1.0,0.0,1.0,0.0,0.0,1.0,0.0,0.0,0.0,1.0
173,0.0,3.0,7.925,21.0,0.0,1.0,0.0,0.0,0.0,1.0,0.0,0.0,0.0
174,0.0,1.0,30.6958,56.0,1.0,0.0,0.0,0.0,0.0,1.0,0.0,0.0,0.0
175,0.0,3.0,7.8542,18.0,0.0,1.0,0.0,0.0,0.0,1.0,0.0,0.0,0.0
176,0.0,3.0,25.4667,44.12734264655326,0.0,1.0,0.0,1.0,0.0,0.0,0.0,0.0,0.0
177,0.0,1.0,28.7125,50.0,1.0,0.0,0.0,0.0,1.0,0.0,0.0,0.0,1.0
178,0.0,2.0,13.0,30.0,0.0,1.0,0.0,0.0,0.0,1.0,0.0,0.0,0.0
179,0.0,3.0,0.0,36.0,0.0,1.0,0.0,0.0,0.0,1.0,0.0,0.0,0.0
180,0.0,3.0,69.55,12.545099607830828,0.0,1.0,0.0,0.0,1.0,0.0,0.0,0.0,1.0
181,0.0,2.0,15.05,48.24758018901487,1.0,0.0,0.0,0.0,0.0,1.0,0.0,0.0,0.0
182,0.0,3.0,31.3875,9.0,0.0,1.0,0.0,1.0,0.0,0.0,0.0,0.0,0.0
183,1.0,2.0,39.0,1.0,0.0,1.0,0.0,1.0,0.0,0.0,0.0,0.0,0.0
184,1.0,3.0,22.025,4.0,0.0,1.0,0.0,0.0,1.0,0.0,0.0,0.0,1.0
185,0.0,1.0,50.0,36.18789989878087,0.0,1.0,0.0,0.0,0.0,1.0,0.0,0.0,0.0
186,1.0,3.0,15.5,16.30906335737268,0.0,0.0,1.0,0.0,0.0,0.0,1.0,0.0,1.0
187,1.0,1.0,26.55,45.0,0.0,1.0,0.0,0.0,0.0,1.0,0.0,0.0,0.0
188,0.0,3.0,15.5,40.0,0.0,0.0,1.0,0.0,0.0,1.0,0.0,0.0,0.0
189,0.0,3.0,7.8958,36.0,0.0,1.0,0.0,0.0,0.0,1.0,0.0,0.0,0.0
190,1.0,2.0,13.0,32.0,0.0,1.0,0.0,0.0,0.0,0.0,1.0,0.0,1.0
191,0.0,2.0,13.0,19.0,0.0,1.0,0.0,0.0,0.0,1.0,0.0,0.0,0.0
192,1.0,3.0,7.8542,19.0,0.0,1.0,0.0,0.0,1.0,0.0,0.0,0.0,1.0
193,1.0,2.0,26.0,3.0,0.0,1.0,0.0,1.0,0.0,0.0,0.0,0.0,0.0
194,1.0,1.0,27.7208,44.0,1.0,0.0,0.0,0.0,0.0,0.0,1.0,0.0,1.0
195,1.0,1.0,146.5208,58.0,1.0,0.0,0.0,0.0,1.0,0.0,0.0,0.0,1.0
196,0.0,3.0,7.75,60.42568606257315,0.0,0.0,1.0,0.0,0.0,1.0,0.0,0.0,0.0
197,0.0,3.0,8.4042,42.0,0.0,1.0,0.0,0.0,0.0,1.0,0.0,0.0,0.0
198,1.0,3.0,7.75,26.030428831293307,0.0,0.0,1.0,0.0,1.0,0.0,0.0,0.0,1.0
199,0.0,2.0,13.0,24.0,0.0,1.0,0.0,0.0,1.0,0.0,0.0,0.0,1.0
200,0.0,3.0,9.5,28.0,0.0,1.0,0.0,0.0,0.0,1.0,0.0,0.0,0.0
201,0.0,3.0,69.55,16.357403277925616,0.0,1.0,0.0,0.0,0.0,1.0,0.0,0.0,0.0
202,0.0,3.0,6.4958,34.0,0.0,1.0,0.0,0.0,0.0,1.0,0.0,0.0,0.0
203,0.0,3.0,7.225,45.5,1.0,0.0,0.0,0.0,0.0,1.0,0.0,0.0,0.0
204,1.0,3.0,8.05,18.0,0.0,1.0,0.0,0.0,0.0,1.0,0.0,0.0,0.0
205,0.0,3.0,10.4625,2.0,0.0,1.0,0.0,0.0,1.0,0.0,0.0,0.0,1.0
206,0.0,3.0,15.85,32.0,0.0,1.0,0.0,0.0,0.0,1.0,0.0,0.0,0.0
207,1.0,3.0,18.7875,26.0,1.0,0.0,0.0,0.0,0.0,1.0,0.0,0.0,0.0
208,1.0,3.0,7.75,16.0,0.0,0.0,1.0,0.0,1.0,0.0,0.0,0.0,1.0
209,1.0,1.0,31.0,40.0,1.0,0.0,0.0,0.0,0.0,1.0,0.0,0.0,0.0
210,0.0,3.0,7.05,24.0,0.0,1.0,0.0,0.0,0.0,1.0,0.0,0.0,0.0
211,1.0,2.0,21.0,35.0,0.0,1.0,0.0,0.0,1.0,0.0,0.0,0.0,1.0
212,0.0,3.0,7.25,22.0,0.0,1.0,0.0,0.0,0.0,1.0,0.0,0.0,0.0
213,0.0,2.0,13.0,30.0,0.0,1.0,0.0,0.0,0.0,1.0,0.0,0.0,0.0
214,0.0,3.0,7.75,31.817561258174116,0.0,0.0,1.0,0.0,0.0,1.0,0.0,0.0,0.0
215,1.0,1.0,113.275,31.0,1.0,0.0,0.0,0.0,1.0,0.0,0.0,0.0,1.0
216,1.0,3.0,7.925,27.0,0.0,1.0,0.0,0.0,1.0,0.0,0.0,0.0,1.0
217,0.0,2.0,27.0,42.0,0.0,1.0,0.0,0.0,0.0,1.0,0.0,0.0,0.0
218,1.0,1.0,76.2917,32.0,1.0,0.0,0.0,0.0,1.0,0.0,0.0,0.0,1.0
219,0.0,2.0,10.5,30.0,0.0,1.0,0.0,0.0,0.0,1.0,0.0,0.0,0.0
220,1.0,3.0,8.05,16.0,0.0,1.0,0.0,0.0,0.0,1.0,0.0,0.0,0.0
221,0.0,2.0,13.0,27.0,0.0,1.0,0.0,0.0,0.0,1.0,0.0,0.0,0.0
222,0.0,3.0,8.05,51.0,0.0,1.0,0.0,0.0,0.0,1.0,0.0,0.0,0.0
223,0.0,3.0,7.8958,29.017847079124166,0.0,1.0,0.0,0.0,0.0,1.0,0.0,0.0,0.0
224,1.0,1.0,90.0,38.0,0.0,1.0,0.0,0.0,0.0,1.0,0.0,0.0,0.0
225,0.0,3.0,9.35,22.0,0.0,1.0,0.0,0.0,0.0,1.0,0.0,0.0,0.0
226,1.0,2.0,10.5,19.0,0.0,1.0,0.0,0.0,0.0,1.0,0.0,0.0,0.0
227,0.0,3.0,7.25,20.5,0.0,1.0,0.0,0.0,0.0,1.0,0.0,0.0,0.0
228,0.0,2.0,13.0,18.0,0.0,1.0,0.0,0.0,0.0,1.0,0.0,0.0,0.0
229,0.0,3.0,25.4667,17.0005578941342,0.0,1.0,0.0,0.0,1.0,0.0,0.0,0.0,1.0
230,1.0,1.0,83.475,35.0,0.0,1.0,0.0,0.0,0.0,0.0,1.0,0.0,1.0
231,0.0,3.0,7.775,29.0,0.0,1.0,0.0,0.0,0.0,1.0,0.0,0.0,0.0
232,0.0,2.0,13.5,59.0,0.0,1.0,0.0,0.0,0.0,1.0,0.0,0.0,0.0
233,1.0,3.0,31.3875,5.0,0.0,1.0,0.0,0.0,1.0,0.0,0.0,0.0,1.0
234,0.0,2.0,10.5,24.0,0.0,1.0,0.0,0.0,0.0,1.0,0.0,0.0,0.0
235,0.0,3.0,7.55,53.43064854765372,0.0,1.0,0.0,0.0,1.0,0.0,0.0,0.0,1.0
236,0.0,2.0,26.0,44.0,0.0,1.0,0.0,0.0,0.0,1.0,0.0,0.0,0.0
237,1.0,2.0,26.25,8.0,0.0,1.0,0.0,0.0,1.0,0.0,0.0,0.0,1.0
238,0.0,2.0,10.5,19.0,0.0,1.0,0.0,0.0,0.0,1.0,0.0,0.0,0.0
239,0.0,2.0,12.275,33.0,0.0,1.0,0.0,0.0,0.0,1.0,0.0,0.0,0.0
240,0.0,3.0,14.4542,56.691598889620295,1.0,0.0,0.0,0.0,1.0,0.0,0.0,0.0,1.0
241,1.0,3.0,15.5,25.179847123750083,0.0,0.0,1.0,0.0,1.0,0.0,0.0,0.0,1.0
242,0.0,2.0,10.5,29.0,0.0,1.0,0.0,0.0,0.0,1.0,0.0,0.0,0.0
243,0.0,3.0,7.125,22.0,0.0,1.0,0.0,0.0,0.0,1.0,0.0,0.0,0.0
244,0.0,3.0,7.225,30.0,1.0,0.0,0.0,0.0,0.0,1.0,0.0,0.0,0.0
245,0.0,1.0,90.0,44.0,0.0,0.0,1.0,0.0,0.0,0.0,0.0,1.0,0.0
246,0.0,3.0,7.775,25.0,0.0,1.0,0.0,0.0,1.0,0.0,0.0,0.0,1.0
247,1.0,2.0,14.5,24.0,0.0,1.0,0.0,0.0,0.0,0.0,1.0,0.0,1.0
248,1.0,1.0,52.5542,37.0,0.0,1.0,0.0,0.0,0.0,1.0,0.0,0.0,0.0
249,0.0,2.0,26.0,54.0,0.0,1.0,0.0,0.0,0.0,0.0,0.0,1.0,0.0
250,0.0,3.0,7.25,21.293850966625598,0.0,1.0,0.0,0.0,0.0,1.0,0.0,0.0,0.0
251,0.0,3.0,10.4625,29.0,0.0,1.0,0.0,0.0,0.0,0.0,1.0,0.0,1.0
252,0.0,1.0,26.55,62.0,0.0,1.0,0.0,0.0,0.0,1.0,0.0,0.0,0.0
253,0.0,3.0,16.1,30.0,0.0,1.0,0.0,0.0,0.0,1.0,0.0,0.0,0.0
254,0.0,3.0,20.2125,41.0,0.0,1.0,0.0,0.0,0.0,0.0,1.0,0.0,1.0
255,1.0,3.0,15.2458,29.0,1.0,0.0,0.0,0.0,0.0,0.0,1.0,0.0,1.0
256,1.0,1.0,79.2,48.78681966526618,1.0,0.0,0.0,0.0,0.0,0.0,1.0,0.0,1.0
257,1.0,1.0,86.5,30.0,0.0,1.0,0.0,0.0,1.0,0.0,0.0,0.0,1.0
258,1.0,1.0,512.3292,35.0,1.0,0.0,0.0,0.0,1.0,0.0,0.0,0.0,1.0
259,1.0,2.0,26.0,50.0,0.0,1.0,0.0,0.0,0.0,0.0,1.0,0.0,1.0
260,0.0,3.0,7.75,25.135616339583855,0.0,0.0,1.0,0.0,0.0,1.0,0.0,0.0,0.0
261,1.0,3.0,31.3875,3.0,0.0,1.0,0.0,1.0,0.0,0.0,0.0,0.0,0.0
262,0.0,1.0,79.65,52.0,0.0,1.0,0.0,0.0,0.0,1.0,0.0,0.0,0.0
263,0.0,1.0,0.0,40.0,0.0,1.0,0.0,0.0,0.0,1.0,0.0,0.0,0.0
264,0.0,3.0,7.75,21.98068684876715,0.0,0.0,1.0,0.0,1.0,0.0,0.0,0.0,1.0
265,0.0,2.0,10.5,36.0,0.0,1.0,0.0,0.0,0.0,1.0,0.0,0.0,0.0
266,0.0,3.0,39.6875,16.0,0.0,1.0,0.0,0.0,0.0,1.0,0.0,0.0,0.0
267,1.0,3.0,7.775,25.0,0.0,1.0,0.0,0.0,0.0,1.0,0.0,0.0,0.0
268,1.0,1.0,153.4625,58.0,0.0,1.0,0.0,0.0,0.0,0.0,1.0,0.0,1.0
269,1.0,1.0,135.6333,35.0,0.0,1.0,0.0,0.0,1.0,0.0,0.0,0.0,1.0
270,0.0,1.0,31.0,48.04254998818422,0.0,1.0,0.0,0.0,0.0,1.0,0.0,0.0,0.0
271,1.0,3.0,0.0,25.0,0.0,1.0,0.0,0.0,0.0,1.0,0.0,0.0,0.0
272,1.0,2.0,19.5,41.0,0.0,1.0,0.0,0.0,0.0,0.0,1.0,0.0,1.0
273,0.0,1.0,29.7,37.0,1.0,0.0,0.0,0.0,0.0,1.0,0.0,0.0,0.0
274,1.0,3.0,7.75,11.3087079482943,0.0,0.0,1.0,0.0,1.0,0.0,0.0,0.0,1.0
275,1.0,1.0,77.9583,63.0,0.0,1.0,0.0,0.0,1.0,0.0,0.0,0.0,1.0
276,0.0,3.0,7.75,45.0,0.0,1.0,0.0,0.0,1.0,0.0,0.0,0.0,1.0
277,0.0,2.0,0.0,24.07252001547341,0.0,1.0,0.0,0.0,0.0,1.0,0.0,0.0,0.0
278,0.0,3.0,29.125,7.0,0.0,0.0,1.0,1.0,0.0,0.0,0.0,0.0,0.0
279,1.0,3.0,20.25,35.0,0.0,1.0,0.0,0.0,0.0,0.0,1.0,0.0,1.0
280,0.0,3.0,7.75,65.0,0.0,0.0,1.0,0.0,0.0,1.0,0.0,0.0,0.0
281,0.0,3.0,7.8542,28.0,0.0,1.0,0.0,0.0,0.0,1.0,0.0,0.0,0.0
282,0.0,3.0,9.5,16.0,0.0,1.0,0.0,0.0,0.0,1.0,0.0,0.0,0.0
283,1.0,3.0,8.05,19.0,0.0,1.0,0.0,0.0,0.0,1.0,0.0,0.0,0.0
284,0.0,1.0,26.0,34.910217501745834,0.0,1.0,0.0,0.0,0.0,1.0,0.0,0.0,0.0
285,0.0,3.0,8.6625,33.0,1.0,0.0,0.0,0.0,0.0,1.0,0.0,0.0,0.0
286,1.0,3.0,9.5,30.0,0.0,1.0,0.0,0.0,0.0,1.0,0.0,0.0,0.0
287,0.0,3.0,7.8958,22.0,0.0,1.0,0.0,0.0,0.0,1.0,0.0,0.0,0.0
288,1.0,2.0,13.0,42.0,0.0,1.0,0.0,0.0,0.0,1.0,0.0,0.0,0.0
289,1.0,3.0,7.75,22.0,0.0,0.0,1.0,0.0,1.0,0.0,0.0,0.0,1.0
290,1.0,1.0,78.85,26.0,0.0,1.0,0.0,0.0,1.0,0.0,0.0,0.0,1.0
291,1.0,1.0,91.0792,19.0,1.0,0.0,0.0,0.0,0.0,0.0,1.0,0.0,1.0
292,0.0,2.0,12.875,36.0,1.0,0.0,0.0,0.0,0.0,1.0,0.0,0.0,0.0
293,0.0,3.0,8.85,24.0,0.0,1.0,0.0,0.0,1.0,0.0,0.0,0.0,1.0
294,0.0,3.0,7.8958,24.0,0.0,1.0,0.0,0.0,0.0,1.0,0.0,0.0,0.0
295,0.0,1.0,27.7208,55.40900961592311,1.0,0.0,0.0,0.0,0.0,1.0,0.0,0.0,0.0
296,0.0,3.0,7.2292,23.5,1.0,0.0,0.0,0.0,0.0,1.0,0.0,0.0,0.0
297,0.0,1.0,151.55,2.0,0.0,1.0,0.0,0.0,1.0,0.0,0.0,0.0,1.0
298,1.0,1.0,30.5,31.196864897716623,0.0,1.0,0.0,0.0,0.0,1.0,0.0,0.0,0.0
299,1.0,1.0,247.5208,50.0,1.0,0.0,0.0,0.0,0.0,0.0,1.0,0.0,1.0
300,1.0,3.0,7.75,24.406438517129782,0.0,0.0,1.0,0.0,1.0,0.0,0.0,0.0,1.0
301,1.0,3.0,23.25,40.82349741856915,0.0,0.0,1.0,0.0,0.0,1.0,0.0,0.0,0.0
302,0.0,3.0,0.0,19.0,0.0,1.0,0.0,0.0,0.0,1.0,0.0,0.0,0.0
303,1.0,2.0,12.35,32.99694811893144,0.0,0.0,1.0,0.0,1.0,0.0,0.0,0.0,1.0
304,0.0,3.0,8.05,15.309135464451805,0.0,1.0,0.0,0.0,0.0,1.0,0.0,0.0,0.0
305,1.0,1.0,151.55,0.92,0.0,1.0,0.0,1.0,0.0,0.0,0.0,0.0,0.0
306,1.0,1.0,110.8833,37.78793440645207,1.0,0.0,0.0,0.0,1.0,0.0,0.0,0.0,1.0
307,1.0,1.0,108.9,17.0,1.0,0.0,0.0,0.0,0.0,0.0,1.0,0.0,1.0
308,0.0,2.0,24.0,30.0,1.0,0.0,0.0,0.0,0.0,1.0,0.0,0.0,0.0
309,1.0,1.0,56.9292,30.0,1.0,0.0,0.0,0.0,1.0,0.0,0.0,0.0,1.0
310,1.0,1.0,83.1583,24.0,1.0,0.0,0.0,0.0,1.0,0.0,0.0,0.0,1.0
311,1.0,1.0,262.375,18.0,1.0,0.0,0.0,0.0,1.0,0.0,0.0,0.0,1.0
312,0.0,2.0,26.0,26.0,0.0,1.0,0.0,0.0,0.0,0.0,1.0,0.0,1.0
313,0.0,3.0,7.8958,28.0,0.0,1.0,0.0,0.0,0.0,1.0,0.0,0.0,0.0
314,0.0,2.0,26.25,43.0,0.0,1.0,0.0,0.0,0.0,1.0,0.0,0.0,0.0
315,1.0,3.0,7.8542,26.0,0.0,1.0,0.0,0.0,1.0,0.0,0.0,0.0,1.0
316,1.0,2.0,26.0,24.0,0.0,1.0,0.0,0.0,0.0,0.0,1.0,0.0,1.0
317,0.0,2.0,14.0,54.0,0.0,1.0,0.0,0.0,0.0,0.0,0.0,1.0,0.0
318,1.0,1.0,164.8667,31.0,0.0,1.0,0.0,0.0,1.0,0.0,0.0,0.0,1.0
319,1.0,1.0,134.5,40.0,1.0,0.0,0.0,0.0,0.0,0.0,1.0,0.0,1.0
320,0.0,3.0,7.25,22.0,0.0,1.0,0.0,0.0,0.0,1.0,0.0,0.0,0.0
321,0.0,3.0,7.8958,27.0,0.0,1.0,0.0,0.0,0.0,1.0,0.0,0.0,0.0
322,1.0,2.0,12.35,30.0,0.0,0.0,1.0,0.0,1.0,0.0,0.0,0.0,1.0
323,1.0,2.0,29.0,22.0,0.0,1.0,0.0,0.0,0.0,0.0,1.0,0.0,1.0
324,0.0,3.0,69.55,20.05811705854989,0.0,1.0,0.0,0.0,0.0,1.0,0.0,0.0,0.0
325,1.0,1.0,135.6333,36.0,1.0,0.0,0.0,0.0,1.0,0.0,0.0,0.0,1.0
326,0.0,3.0,6.2375,61.0,0.0,1.0,0.0,0.0,0.0,1.0,0.0,0.0,0.0
327,1.0,2.0,13.0,36.0,0.0,1.0,0.0,0.0,0.0,0.0,1.0,0.0,1.0
328,1.0,3.0,20.525,31.0,0.0,1.0,0.0,0.0,0.0,0.0,1.0,0.0,1.0
329,1.0,1.0,57.9792,16.0,1.0,0.0,0.0,0.0,1.0,0.0,0.0,0.0,1.0
330,1.0,3.0,23.25,33.254511836983525,0.0,0.0,1.0,0.0,1.0,0.0,0.0,0.0,1.0
331,0.0,1.0,28.5,45.5,0.0,1.0,0.0,0.0,0.0,1.0,0.0,0.0,0.0
332,0.0,1.0,153.4625,38.0,0.0,1.0,0.0,0.0,0.0,1.0,0.0,0.0,0.0
333,0.0,3.0,18.0,16.0,0.0,1.0,0.0,0.0,0.0,1.0,0.0,0.0,0.0
334,1.0,1.0,133.65,22.00520955942695,0.0,1.0,0.0,0.0,0.0,0.0,1.0,0.0,1.0
335,0.0,3.0,7.8958,27.62648696463018,0.0,1.0,0.0,0.0,0.0,1.0,0.0,0.0,0.0
336,0.0,1.0,66.6,29.0,0.0,1.0,0.0,0.0,0.0,1.0,0.0,0.0,0.0
337,1.0,1.0,134.5,41.0,1.0,0.0,0.0,0.0,1.0,0.0,0.0,0.0,1.0
338,1.0,3.0,8.05,45.0,0.0,1.0,0.0,0.0,0.0,1.0,0.0,0.0,0.0
339,0.0,1.0,35.5,45.0,0.0,1.0,0.0,0.0,0.0,1.0,0.0,0.0,0.0
340,1.0,2.0,26.0,2.0,0.0,1.0,0.0,1.0,0.0,0.0,0.0,0.0,0.0
341,1.0,1.0,263.0,24.0,0.0,1.0,0.0,0.0,1.0,0.0,0.0,0.0,1.0
342,0.0,2.0,13.0,28.0,0.0,1.0,0.0,0.0,0.0,1.0,0.0,0.0,0.0
343,0.0,2.0,13.0,25.0,0.0,1.0,0.0,0.0,0.0,1.0,0.0,0.0,0.0
344,0.0,2.0,13.0,36.0,0.0,1.0,0.0,0.0,0.0,1.0,0.0,0.0,0.0
345,1.0,2.0,13.0,24.0,0.0,1.0,0.0,0.0,1.0,0.0,0.0,0.0,1.0
346,1.0,2.0,13.0,40.0,0.0,1.0,0.0,0.0,1.0,0.0,0.0,0.0,1.0
347,1.0,3.0,16.1,20.146210865999016,0.0,1.0,0.0,0.0,0.0,0.0,1.0,0.0,1.0
348,1.0,3.0,15.9,3.0,0.0,1.0,0.0,1.0,0.0,0.0,0.0,0.0,0.0
349,0.0,3.0,8.6625,42.0,0.0,1.0,0.0,0.0,0.0,1.0,0.0,0.0,0.0
350,0.0,3.0,9.225,23.0,0.0,1.0,0.0,0.0,0.0,1.0,0.0,0.0,0.0
351,0.0,1.0,35.0,39.74810138060863,0.0,1.0,0.0,0.0,0.0,1.0,0.0,0.0,0.0
352,0.0,3.0,7.2292,15.0,1.0,0.0,0.0,0.0,0.0,1.0,0.0,0.0,0.0
353,0.0,3.0,17.8,25.0,0.0,1.0,0.0,0.0,0.0,1.0,0.0,0.0,0.0
354,0.0,3.0,7.225,40.895619234011775,1.0,0.0,0.0,0.0,0.0,1.0,0.0,0.0,0.0
355,0.0,3.0,9.5,28.0,0.0,1.0,0.0,0.0,0.0,1.0,0.0,0.0,0.0
356,1.0,1.0,55.0,22.0,0.0,1.0,0.0,0.0,1.0,0.0,0.0,0.0,1.0
357,0.0,2.0,13.0,38.0,0.0,1.0,0.0,0.0,1.0,0.0,0.0,0.0,1.0
358,1.0,3.0,7.8792,16.62069090356878,0.0,0.0,1.0,0.0,1.0,0.0,0.0,0.0,1.0
359,1.0,3.0,7.8792,15.65997560424322,0.0,0.0,1.0,0.0,1.0,0.0,0.0,0.0,1.0
360,0.0,3.0,27.9,40.0,0.0,1.0,0.0,0.0,0.0,1.0,0.0,0.0,0.0
361,0.0,2.0,27.7208,29.0,1.0,0.0,0.0,0.0,0.0,1.0,0.0,0.0,0.0
362,0.0,3.0,14.4542,45.0,1.0,0.0,0.0,0.0,0.0,0.0,1.0,0.0,1.0
363,0.0,3.0,7.05,35.0,0.0,1.0,0.0,0.0,0.0,1.0,0.0,0.0,0.0
364,0.0,3.0,15.5,28.93758699966726,0.0,0.0,1.0,0.0,0.0,1.0,0.0,0.0,0.0
365,0.0,3.0,7.25,30.0,0.0,1.0,0.0,0.0,0.0,1.0,0.0,0.0,0.0
366,1.0,1.0,75.25,60.0,1.0,0.0,0.0,0.0,0.0,0.0,1.0,0.0,1.0
367,1.0,3.0,7.2292,41.57682142556639,1.0,0.0,0.0,0.0,0.0,0.0,1.0,0.0,1.0
368,1.0,3.0,7.75,9.861304273501958,0.0,0.0,1.0,0.0,1.0,0.0,0.0,0.0,1.0
369,1.0,1.0,69.3,24.0,1.0,0.0,0.0,0.0,0.0,0.0,1.0,0.0,1.0
370,1.0,1.0,55.4417,25.0,1.0,0.0,0.0,0.0,0.0,1.0,0.0,0.0,0.0
371,0.0,3.0,6.4958,18.0,0.0,1.0,0.0,0.0,0.0,1.0,0.0,0.0,0.0
372,0.0,3.0,8.05,19.0,0.0,1.0,0.0,0.0,0.0,1.0,0.0,0.0,0.0
373,0.0,1.0,135.6333,22.0,1.0,0.0,0.0,0.0,0.0,1.0,0.0,0.0,0.0
374,0.0,3.0,21.075,3.0,0.0,1.0,0.0,0.0,1.0,0.0,0.0,0.0,1.0
375,1.0,1.0,82.1708,22.861123041497766,1.0,0.0,0.0,0.0,0.0,0.0,1.0,0.0,1.0
376,1.0,3.0,7.25,22.0,0.0,1.0,0.0,0.0,1.0,0.0,0.0,0.0,1.0
377,0.0,1.0,211.5,27.0,1.0,0.0,0.0,0.0,0.0,1.0,0.0,0.0,0.0
378,0.0,3.0,4.0125,20.0,1.0,0.0,0.0,0.0,0.0,1.0,0.0,0.0,0.0
379,0.0,3.0,7.775,19.0,0.0,1.0,0.0,0.0,0.0,1.0,0.0,0.0,0.0
380,1.0,1.0,227.525,42.0,1.0,0.0,0.0,0.0,1.0,0.0,0.0,0.0,1.0
381,1.0,3.0,15.7417,1.0,1.0,0.0,0.0,0.0,1.0,0.0,0.0,0.0,1.0
382,0.0,3.0,7.925,32.0,0.0,1.0,0.0,0.0,0.0,1.0,0.0,0.0,0.0
383,1.0,1.0,52.0,35.0,0.0,1.0,0.0,0.0,0.0,0.0,1.0,0.0,1.0
384,0.0,3.0,7.8958,35.552877983178625,0.0,1.0,0.0,0.0,0.0,1.0,0.0,0.0,0.0
385,0.0,2.0,73.5,18.0,0.0,1.0,0.0,0.0,0.0,1.0,0.0,0.0,0.0
386,0.0,3.0,46.9,1.0,0.0,1.0,0.0,1.0,0.0,0.0,0.0,0.0,0.0
387,1.0,2.0,13.0,36.0,0.0,1.0,0.0,0.0,1.0,0.0,0.0,0.0,1.0
388,0.0,3.0,7.7292,-7.11412365290186,0.0,0.0,1.0,0.0,0.0,1.0,0.0,0.0,0.0
389,1.0,2.0,12.0,17.0,1.0,0.0,0.0,0.0,1.0,0.0,0.0,0.0,1.0
390,1.0,1.0,120.0,36.0,0.0,1.0,0.0,0.0,0.0,1.0,0.0,0.0,0.0
391,1.0,3.0,7.7958,21.0,0.0,1.0,0.0,0.0,0.0,1.0,0.0,0.0,0.0
392,0.0,3.0,7.925,28.0,0.0,1.0,0.0,0.0,0.0,1.0,0.0,0.0,0.0
393,1.0,1.0,113.275,23.0,1.0,0.0,0.0,0.0,1.0,0.0,0.0,0.0,1.0
394,1.0,3.0,16.7,24.0,0.0,1.0,0.0,0.0,0.0,0.0,1.0,0.0,1.0
395,0.0,3.0,7.7958,22.0,0.0,1.0,0.0,0.0,0.0,1.0,0.0,0.0,0.0
396,0.0,3.0,7.8542,31.0,0.0,1.0,0.0,0.0,1.0,0.0,0.0,0.0,1.0
397,0.0,2.0,26.0,46.0,0.0,1.0,0.0,0.0,0.0,1.0,0.0,0.0,0.0
398,0.0,2.0,10.5,23.0,0.0,1.0,0.0,0.0,0.0,0.0,0.0,1.0,0.0
399,1.0,2.0,12.65,28.0,0.0,1.0,0.0,0.0,0.0,0.0,1.0,0.0,1.0
400,1.0,3.0,7.925,39.0,0.0,1.0,0.0,0.0,0.0,1.0,0.0,0.0,0.0
401,0.0,3.0,8.05,26.0,0.0,1.0,0.0,0.0,0.0,1.0,0.0,0.0,0.0
402,0.0,3.0,9.825,21.0,0.0,1.0,0.0,0.0,1.0,0.0,0.0,0.0,1.0
403,0.0,3.0,15.85,28.0,0.0,1.0,0.0,0.0,0.0,1.0,0.0,0.0,0.0
404,0.0,3.0,8.6625,20.0,0.0,1.0,0.0,0.0,1.0,0.0,0.0,0.0,1.0
405,0.0,2.0,21.0,34.0,0.0,1.0,0.0,0.0,0.0,1.0,0.0,0.0,0.0
406,0.0,3.0,7.75,51.0,0.0,1.0,0.0,0.0,0.0,1.0,0.0,0.0,0.0
407,1.0,2.0,18.75,3.0,0.0,1.0,0.0,1.0,0.0,0.0,0.0,0.0,0.0
408,0.0,3.0,7.775,21.0,0.0,1.0,0.0,0.0,0.0,1.0,0.0,0.0,0.0
409,0.0,3.0,25.4667,40.59215821575921,0.0,1.0,0.0,0.0,1.0,0.0,0.0,0.0,1.0
410,0.0,3.0,7.8958,43.534366740943085,0.0,1.0,0.0,0.0,0.0,1.0,0.0,0.0,0.0
411,0.0,3.0,6.8583,21.0305565329402,0.0,0.0,1.0,0.0,0.0,1.0,0.0,0.0,0.0
412,1.0,1.0,90.0,33.0,0.0,0.0,1.0,0.0,1.0,0.0,0.0,0.0,1.0
413,0.0,2.0,0.0,12.75019506532082,0.0,1.0,0.0,0.0,0.0,1.0,0.0,0.0,0.0
414,1.0,3.0,7.925,44.0,0.0,1.0,0.0,0.0,0.0,1.0,0.0,0.0,0.0
415,0.0,3.0,8.05,-2.8984399951586823,0.0,1.0,0.0,0.0,0.0,0.0,1.0,0.0,1.0
416,1.0,2.0,32.5,34.0,0.0,1.0,0.0,0.0,0.0,0.0,1.0,0.0,1.0
417,1.0,2.0,13.0,18.0,0.0,1.0,0.0,0.0,1.0,0.0,0.0,0.0,1.0
418,0.0,2.0,13.0,30.0,0.0,1.0,0.0,0.0,0.0,1.0,0.0,0.0,0.0
419,0.0,3.0,24.15,10.0,0.0,1.0,0.0,0.0,1.0,0.0,0.0,0.0,1.0
420,0.0,3.0,7.8958,24.187221995448105,1.0,0.0,0.0,0.0,0.0,1.0,0.0,0.0,0.0
421,0.0,3.0,7.7333,21.0,0.0,0.0,1.0,0.0,0.0,1.0,0.0,0.0,0.0
422,0.0,3.0,7.875,29.0,0.0,1.0,0.0,0.0,0.0,1.0,0.0,0.0,0.0
423,0.0,3.0,14.4,28.0,0.0,1.0,0.0,0.0,0.0,0.0,1.0,0.0,1.0
424,0.0,3.0,20.2125,18.0,0.0,1.0,0.0,0.0,0.0,1.0,0.0,0.0,0.0
425,0.0,3.0,7.25,20.513032946914937,0.0,1.0,0.0,0.0,0.0,1.0,0.0,0.0,0.0
426,1.0,2.0,26.0,28.0,0.0,1.0,0.0,0.0,0.0,0.0,1.0,0.0,1.0
427,1.0,2.0,26.0,19.0,0.0,1.0,0.0,0.0,1.0,0.0,0.0,0.0,1.0
428,0.0,3.0,7.75,29.15725041891295,0.0,0.0,1.0,0.0,0.0,1.0,0.0,0.0,0.0
429,1.0,3.0,8.05,32.0,0.0,1.0,0.0,0.0,0.0,1.0,0.0,0.0,0.0
430,1.0,1.0,26.55,28.0,0.0,1.0,0.0,0.0,0.0,1.0,0.0,0.0,0.0
431,1.0,3.0,16.1,45.571780600166534,0.0,1.0,0.0,0.0,0.0,0.0,1.0,0.0,1.0
432,1.0,2.0,26.0,42.0,0.0,1.0,0.0,0.0,0.0,0.0,1.0,0.0,1.0
433,0.0,3.0,7.125,17.0,0.0,1.0,0.0,0.0,0.0,1.0,0.0,0.0,0.0
434,0.0,1.0,55.9,50.0,0.0,1.0,0.0,0.0,0.0,1.0,0.0,0.0,0.0
435,1.0,1.0,120.0,14.0,0.0,1.0,0.0,0.0,1.0,0.0,0.0,0.0,1.0
436,0.0,3.0,34.375,21.0,0.0,1.0,0.0,0.0,1.0,0.0,0.0,0.0,1.0
437,1.0,2.0,18.75,24.0,0.0,1.0,0.0,0.0,0.0,0.0,1.0,0.0,1.0
438,0.0,1.0,263.0,64.0,0.0,1.0,0.0,0.0,0.0,1.0,0.0,0.0,0.0
439,0.0,2.0,10.5,31.0,0.0,1.0,0.0,0.0,0.0,1.0,0.0,0.0,0.0
440,1.0,2.0,26.25,45.0,0.0,1.0,0.0,0.0,0.0,0.0,1.0,0.0,1.0
441,0.0,3.0,9.5,20.0,0.0,1.0,0.0,0.0,0.0,1.0,0.0,0.0,0.0
442,0.0,3.0,7.775,25.0,0.0,1.0,0.0,0.0,0.0,1.0,0.0,0.0,0.0
443,1.0,2.0,13.0,28.0,0.0,1.0,0.0,0.0,1.0,0.0,0.0,0.0,1.0
444,1.0,3.0,8.1125,31.520529486855875,0.0,1.0,0.0,0.0,0.0,1.0,0.0,0.0,0.0
445,1.0,1.0,81.8583,4.0,0.0,1.0,0.0,1.0,0.0,0.0,0.0,0.0,0.0
446,1.0,2.0,19.5,13.0,0.0,1.0,0.0,0.0,1.0,0.0,0.0,0.0,1.0
447,1.0,1.0,26.55,34.0,0.0,1.0,0.0,0.0,0.0,1.0,0.0,0.0,0.0
448,1.0,3.0,19.2583,5.0,1.0,0.0,0.0,0.0,1.0,0.0,0.0,0.0,1.0
449,1.0,1.0,30.5,52.0,0.0,1.0,0.0,0.0,0.0,0.0,0.0,1.0,0.0
450,0.0,2.0,27.75,36.0,0.0,1.0,0.0,0.0,0.0,1.0,0.0,0.0,0.0
451,0.0,3.0,19.9667,33.05409939147413,0.0,1.0,0.0,0.0,0.0,1.0,0.0,0.0,0.0
452,0.0,1.0,27.75,30.0,1.0,0.0,0.0,0.0,0.0,1.0,0.0,0.0,0.0
453,1.0,1.0,89.1042,49.0,1.0,0.0,0.0,0.0,0.0,1.0,0.0,0.0,0.0
454,0.0,3.0,8.05,25.34565782826697,0.0,1.0,0.0,0.0,0.0,1.0,0.0,0.0,0.0
455,1.0,3.0,7.8958,29.0,1.0,0.0,0.0,0.0,0.0,1.0,0.0,0.0,0.0
456,0.0,1.0,26.55,65.0,0.0,1.0,0.0,0.0,0.0,1.0,0.0,0.0,0.0
457,1.0,1.0,51.8625,39.82818461136649,0.0,1.0,0.0,0.0,0.0,0.0,1.0,0.0,1.0
458,1.0,2.0,10.5,50.0,0.0,1.0,0.0,0.0,1.0,0.0,0.0,0.0,1.0
459,0.0,3.0,7.75,25.434417824241812,0.0,0.0,1.0,0.0,0.0,1.0,0.0,0.0,0.0
460,1.0,1.0,26.55,48.0,0.0,1.0,0.0,0.0,0.0,1.0,0.0,0.0,0.0
461,0.0,3.0,8.05,34.0,0.0,1.0,0.0,0.0,0.0,1.0,0.0,0.0,0.0
462,0.0,1.0,38.5,47.0,0.0,1.0,0.0,0.0,0.0,1.0,0.0,0.0,0.0
463,0.0,2.0,13.0,48.0,0.0,1.0,0.0,0.0,0.0,1.0,0.0,0.0,0.0
464,0.0,3.0,8.05,33.08878612905755,0.0,1.0,0.0,0.0,0.0,1.0,0.0,0.0,0.0
465,0.0,3.0,7.05,38.0,0.0,1.0,0.0,0.0,0.0,1.0,0.0,0.0,0.0
466,0.0,2.0,0.0,23.26767116513989,0.0,1.0,0.0,0.0,0.0,1.0,0.0,0.0,0.0
467,0.0,1.0,26.55,56.0,0.0,1.0,0.0,0.0,0.0,1.0,0.0,0.0,0.0
468,0.0,3.0,7.725,22.27181994912764,0.0,0.0,1.0,0.0,0.0,1.0,0.0,0.0,0.0
469,1.0,3.0,19.2583,0.75,1.0,0.0,0.0,0.0,1.0,0.0,0.0,0.0,1.0
470,0.0,3.0,7.25,22.25744196293543,0.0,1.0,0.0,0.0,0.0,1.0,0.0,0.0,0.0
471,0.0,3.0,8.6625,38.0,0.0,1.0,0.0,0.0,0.0,1.0,0.0,0.0,0.0
472,1.0,2.0,27.75,33.0,0.0,1.0,0.0,0.0,0.0,0.0,1.0,0.0,1.0
473,1.0,2.0,13.7917,23.0,1.0,0.0,0.0,0.0,0.0,0.0,1.0,0.0,1.0
474,0.0,3.0,9.8375,22.0,0.0,1.0,0.0,0.0,1.0,0.0,0.0,0.0,1.0
475,0.0,1.0,52.0,34.5702951500268,0.0,1.0,0.0,0.0,0.0,1.0,0.0,0.0,0.0
476,0.0,2.0,21.0,34.0,0.0,1.0,0.0,0.0,0.0,1.0,0.0,0.0,0.0
477,0.0,3.0,7.0458,29.0,0.0,1.0,0.0,0.0,0.0,1.0,0.0,0.0,0.0
478,0.0,3.0,7.5208,22.0,0.0,1.0,0.0,0.0,0.0,1.0,0.0,0.0,0.0
479,1.0,3.0,12.2875,2.0,0.0,1.0,0.0,0.0,1.0,0.0,0.0,0.0,1.0
480,0.0,3.0,46.9,9.0,0.0,1.0,0.0,1.0,0.0,0.0,0.0,0.0,0.0
481,0.0,2.0,0.0,45.48320428246145,0.0,1.0,0.0,0.0,0.0,1.0,0.0,0.0,0.0
482,0.0,3.0,8.05,50.0,0.0,1.0,0.0,0.0,0.0,1.0,0.0,0.0,0.0
483,1.0,3.0,9.5875,63.0,0.0,1.0,0.0,0.0,0.0,0.0,1.0,0.0,1.0
484,1.0,1.0,91.0792,25.0,1.0,0.0,0.0,0.0,0.0,1.0,0.0,0.0,0.0
485,0.0,3.0,25.4667,-9.55221058402682,0.0,1.0,0.0,0.0,1.0,0.0,0.0,0.0,1.0
486,1.0,1.0,90.0,35.0,0.0,1.0,0.0,0.0,0.0,0.0,1.0,0.0,1.0
487,0.0,1.0,29.7,58.0,1.0,0.0,0.0,0.0,0.0,1.0,0.0,0.0,0.0
488,0.0,3.0,8.05,30.0,0.0,1.0,0.0,0.0,0.0,1.0,0.0,0.0,0.0
489,1.0,3.0,15.9,9.0,0.0,1.0,0.0,1.0,0.0,0.0,0.0,0.0,0.0
490,0.0,3.0,19.9667,33.45236332864173,0.0,1.0,0.0,0.0,0.0,1.0,0.0,0.0,0.0
491,0.0,3.0,7.25,21.0,0.0,1.0,0.0,0.0,0.0,1.0,0.0,0.0,0.0
492,0.0,1.0,30.5,55.0,0.0,1.0,0.0,0.0,0.0,1.0,0.0,0.0,0.0
493,0.0,1.0,49.5042,71.0,1.0,0.0,0.0,0.0,0.0,1.0,0.0,0.0,0.0
494,0.0,3.0,8.05,21.0,0.0,1.0,0.0,0.0,0.0,1.0,0.0,0.0,0.0
495,0.0,3.0,14.4583,31.069773468589513,1.0,0.0,0.0,0.0,0.0,1.0,0.0,0.0,0.0
496,1.0,1.0,78.2667,54.0,1.0,0.0,0.0,0.0,1.0,0.0,0.0,0.0,1.0
497,0.0,3.0,15.1,29.828727353519685,0.0,1.0,0.0,0.0,0.0,1.0,0.0,0.0,0.0
498,0.0,1.0,151.55,25.0,0.0,1.0,0.0,0.0,0.0,0.0,1.0,0.0,1.0
499,0.0,3.0,7.7958,24.0,0.0,1.0,0.0,0.0,0.0,1.0,0.0,0.0,0.0
500,0.0,3.0,8.6625,17.0,0.0,1.0,0.0,0.0,0.0,1.0,0.0,0.0,0.0
501,0.0,3.0,7.75,21.0,0.0,0.0,1.0,0.0,1.0,0.0,0.0,0.0,1.0
502,0.0,3.0,7.6292,33.58828076870877,0.0,0.0,1.0,0.0,1.0,0.0,0.0,0.0,1.0
503,0.0,3.0,9.5875,37.0,0.0,1.0,0.0,0.0,1.0,0.0,0.0,0.0,1.0
504,1.0,1.0,86.5,16.0,0.0,1.0,0.0,0.0,1.0,0.0,0.0,0.0,1.0
505,0.0,1.0,108.9,18.0,1.0,0.0,0.0,0.0,0.0,1.0,0.0,0.0,0.0
506,1.0,2.0,26.0,33.0,0.0,1.0,0.0,0.0,0.0,0.0,1.0,0.0,1.0
507,1.0,1.0,26.55,40.22470360234611,0.0,1.0,0.0,0.0,0.0,1.0,0.0,0.0,0.0
508,0.0,3.0,22.525,28.0,0.0,1.0,0.0,0.0,0.0,1.0,0.0,0.0,0.0
509,1.0,3.0,56.4958,26.0,0.0,1.0,0.0,0.0,0.0,1.0,0.0,0.0,0.0
510,1.0,3.0,7.75,29.0,0.0,0.0,1.0,0.0,0.0,1.0,0.0,0.0,0.0
511,0.0,3.0,8.05,52.37267860759013,0.0,1.0,0.0,0.0,0.0,1.0,0.0,0.0,0.0
512,1.0,1.0,26.2875,36.0,0.0,1.0,0.0,0.0,0.0,1.0,0.0,0.0,0.0
513,1.0,1.0,59.4,54.0,1.0,0.0,0.0,0.0,0.0,0.0,1.0,0.0,1.0
514,0.0,3.0,7.4958,24.0,0.0,1.0,0.0,0.0,0.0,1.0,0.0,0.0,0.0
515,0.0,1.0,34.0208,47.0,0.0,1.0,0.0,0.0,0.0,1.0,0.0,0.0,0.0
516,1.0,2.0,10.5,34.0,0.0,1.0,0.0,0.0,0.0,0.0,1.0,0.0,1.0
517,0.0,3.0,24.15,29.51201163974758,0.0,0.0,1.0,0.0,0.0,1.0,0.0,0.0,0.0
518,1.0,2.0,26.0,36.0,0.0,1.0,0.0,0.0,0.0,0.0,1.0,0.0,1.0
519,0.0,3.0,7.8958,32.0,0.0,1.0,0.0,0.0,0.0,1.0,0.0,0.0,0.0
520,1.0,1.0,93.5,30.0,0.0,1.0,0.0,0.0,1.0,0.0,0.0,0.0,1.0
521,0.0,3.0,7.8958,22.0,0.0,1.0,0.0,0.0,0.0,1.0,0.0,0.0,0.0
522,0.0,3.0,7.225,32.683328109678094,1.0,0.0,0.0,0.0,0.0,1.0,0.0,0.0,0.0
523,1.0,1.0,57.9792,44.0,1.0,0.0,0.0,0.0,0.0,0.0,1.0,0.0,1.0
524,0.0,3.0,7.2292,5.673041147465671,1.0,0.0,0.0,0.0,0.0,1.0,0.0,0.0,0.0
525,0.0,3.0,7.75,40.5,0.0,0.0,1.0,0.0,0.0,1.0,0.0,0.0,0.0
526,1.0,2.0,10.5,50.0,0.0,1.0,0.0,0.0,1.0,0.0,0.0,0.0,1.0
527,0.0,1.0,221.7792,43.97714069828979,0.0,1.0,0.0,0.0,0.0,1.0,0.0,0.0,0.0
528,0.0,3.0,7.925,39.0,0.0,1.0,0.0,0.0,0.0,1.0,0.0,0.0,0.0
529,0.0,2.0,11.5,23.0,0.0,1.0,0.0,0.0,0.0,1.0,0.0,0.0,0.0
530,1.0,2.0,26.0,2.0,0.0,1.0,0.0,0.0,1.0,0.0,0.0,0.0,1.0
531,0.0,3.0,7.2292,8.629391134928962,1.0,0.0,0.0,0.0,0.0,1.0,0.0,0.0,0.0
532,0.0,3.0,7.2292,17.0,1.0,0.0,0.0,0.0,0.0,1.0,0.0,0.0,0.0
533,1.0,3.0,22.3583,11.730204089958308,1.0,0.0,0.0,0.0,0.0,0.0,1.0,0.0,1.0
534,0.0,3.0,8.6625,30.0,0.0,1.0,0.0,0.0,1.0,0.0,0.0,0.0,1.0
535,1.0,2.0,26.25,7.0,0.0,1.0,0.0,0.0,1.0,0.0,0.0,0.0,1.0
536,0.0,1.0,26.55,45.0,0.0,1.0,0.0,0.0,0.0,0.0,0.0,1.0,0.0
537,1.0,1.0,106.425,30.0,1.0,0.0,0.0,0.0,1.0,0.0,0.0,0.0,1.0
538,0.0,3.0,14.5,23.37608742603873,0.0,1.0,0.0,0.0,0.0,1.0,0.0,0.0,0.0
539,1.0,1.0,49.5,22.0,1.0,0.0,0.0,0.0,1.0,0.0,0.0,0.0,1.0
540,1.0,1.0,71.0,36.0,0.0,1.0,0.0,0.0,1.0,0.0,0.0,0.0,1.0
541,0.0,3.0,31.275,9.0,0.0,1.0,0.0,0.0,1.0,0.0,0.0,0.0,1.0
542,0.0,3.0,31.275,11.0,0.0,1.0,0.0,0.0,1.0,0.0,0.0,0.0,1.0
543,1.0,2.0,26.0,32.0,0.0,1.0,0.0,0.0,0.0,1.0,0.0,0.0,0.0
544,0.0,1.0,106.425,50.0,1.0,0.0,0.0,0.0,0.0,1.0,0.0,0.0,0.0
545,0.0,1.0,26.0,64.0,0.0,1.0,0.0,0.0,0.0,1.0,0.0,0.0,0.0
546,1.0,2.0,26.0,19.0,0.0,1.0,0.0,0.0,0.0,0.0,1.0,0.0,1.0
547,1.0,2.0,13.8625,56.449394125183915,1.0,0.0,0.0,0.0,0.0,1.0,0.0,0.0,0.0
548,0.0,3.0,20.525,33.0,0.0,1.0,0.0,0.0,0.0,1.0,0.0,0.0,0.0
549,1.0,2.0,36.75,8.0,0.0,1.0,0.0,1.0,0.0,0.0,0.0,0.0,0.0
550,1.0,1.0,110.8833,17.0,1.0,0.0,0.0,0.0,0.0,1.0,0.0,0.0,0.0
551,0.0,2.0,26.0,27.0,0.0,1.0,0.0,0.0,0.0,1.0,0.0,0.0,0.0
552,0.0,3.0,7.8292,40.18119961150819,0.0,0.0,1.0,0.0,0.0,1.0,0.0,0.0,0.0
553,1.0,3.0,7.225,22.0,1.0,0.0,0.0,0.0,0.0,1.0,0.0,0.0,0.0
554,1.0,3.0,7.775,22.0,0.0,1.0,0.0,0.0,1.0,0.0,0.0,0.0,1.0
555,0.0,1.0,26.55,62.0,0.0,1.0,0.0,0.0,0.0,1.0,0.0,0.0,0.0
556,1.0,1.0,39.6,48.0,1.0,0.0,0.0,0.0,0.0,0.0,0.0,1.0,1.0
557,0.0,1.0,227.525,52.531066959755904,1.0,0.0,0.0,0.0,0.0,1.0,0.0,0.0,0.0
558,1.0,1.0,79.65,39.0,0.0,1.0,0.0,0.0,0.0,0.0,1.0,0.0,1.0
559,1.0,3.0,17.4,36.0,0.0,1.0,0.0,0.0,0.0,0.0,1.0,0.0,1.0
560,0.0,3.0,7.75,22.836903547439526,0.0,0.0,1.0,0.0,0.0,1.0,0.0,0.0,0.0
561,0.0,3.0,7.8958,40.0,0.0,1.0,0.0,0.0,0.0,1.0,0.0,0.0,0.0
562,0.0,2.0,13.5,28.0,0.0,1.0,0.0,0.0,0.0,1.0,0.0,0.0,0.0
563,0.0,3.0,8.05,36.17700253937517,0.0,1.0,0.0,0.0,0.0,1.0,0.0,0.0,0.0
564,0.0,3.0,8.05,23.06349109978831,0.0,1.0,0.0,0.0,1.0,0.0,0.0,0.0,1.0
565,0.0,3.0,24.15,24.0,0.0,1.0,0.0,0.0,0.0,1.0,0.0,0.0,0.0
566,0.0,3.0,7.8958,19.0,0.0,1.0,0.0,0.0,0.0,1.0,0.0,0.0,0.0
567,0.0,3.0,21.075,29.0,0.0,1.0,0.0,0.0,0.0,0.0,1.0,0.0,1.0
568,0.0,3.0,7.2292,15.500775216163115,1.0,0.0,0.0,0.0,0.0,1.0,0.0,0.0,0.0
569,1.0,3.0,7.8542,32.0,0.0,1.0,0.0,0.0,0.0,1.0,0.0,0.0,0.0
570,1.0,2.0,10.5,62.0,0.0,1.0,0.0,0.0,0.0,1.0,0.0,0.0,0.0
571,1.0,1.0,51.4792,53.0,0.0,1.0,0.0,0.0,0.0,0.0,1.0,0.0,1.0
572,1.0,1.0,26.3875,36.0,0.0,1.0,0.0,0.0,0.0,1.0,0.0,0.0,0.0
573,1.0,3.0,7.75,28.833288702667815,0.0,0.0,1.0,0.0,1.0,0.0,0.0,0.0,1.0
574,0.0,3.0,8.05,16.0,0.0,1.0,0.0,0.0,0.0,1.0,0.0,0.0,0.0
575,0.0,3.0,14.5,19.0,0.0,1.0,0.0,0.0,0.0,1.0,0.0,0.0,0.0
576,1.0,2.0,13.0,34.0,0.0,1.0,0.0,0.0,1.0,0.0,0.0,0.0,1.0
577,1.0,1.0,55.9,39.0,0.0,1.0,0.0,0.0,0.0,0.0,1.0,0.0,1.0
578,0.0,3.0,14.4583,3.3706201530086517,1.0,0.0,0.0,0.0,0.0,0.0,1.0,0.0,1.0
579,1.0,3.0,7.925,32.0,0.0,1.0,0.0,0.0,0.0,1.0,0.0,0.0,0.0
580,1.0,2.0,30.0,25.0,0.0,1.0,0.0,0.0,1.0,0.0,0.0,0.0,1.0
581,1.0,1.0,110.8833,39.0,1.0,0.0,0.0,0.0,0.0,0.0,1.0,0.0,1.0
582,0.0,2.0,26.0,54.0,0.0,1.0,0.0,0.0,0.0,1.0,0.0,0.0,0.0
583,0.0,1.0,40.125,36.0,1.0,0.0,0.0,0.0,0.0,1.0,0.0,0.0,0.0
584,0.0,3.0,8.7125,13.864530569147474,1.0,0.0,0.0,0.0,0.0,1.0,0.0,0.0,0.0
585,1.0,1.0,79.65,18.0,0.0,1.0,0.0,0.0,1.0,0.0,0.0,0.0,1.0
586,0.0,2.0,15.0,47.0,0.0,1.0,0.0,0.0,0.0,1.0,0.0,0.0,0.0
587,1.0,1.0,79.2,60.0,1.0,0.0,0.0,0.0,0.0,1.0,0.0,0.0,0.0
588,0.0,3.0,8.05,22.0,0.0,1.0,0.0,0.0,0.0,1.0,0.0,0.0,0.0
589,0.0,3.0,8.05,16.649164690530142,0.0,1.0,0.0,0.0,0.0,1.0,0.0,0.0,0.0
590,0.0,3.0,7.125,35.0,0.0,1.0,0.0,0.0,0.0,1.0,0.0,0.0,0.0
591,1.0,1.0,78.2667,52.0,1.0,0.0,0.0,0.0,0.0,0.0,1.0,0.0,1.0
592,0.0,3.0,7.25,47.0,0.0,1.0,0.0,0.0,0.0,1.0,0.0,0.0,0.0
593,0.0,3.0,7.75,18.931185239524833,0.0,0.0,1.0,0.0,1.0,0.0,0.0,0.0,1.0
594,0.0,2.0,26.0,37.0,0.0,1.0,0.0,0.0,0.0,1.0,0.0,0.0,0.0
595,0.0,3.0,24.15,36.0,0.0,1.0,0.0,0.0,0.0,1.0,0.0,0.0,0.0
596,1.0,2.0,33.0,57.544948186842134,0.0,1.0,0.0,0.0,1.0,0.0,0.0,0.0,1.0
597,0.0,3.0,0.0,49.0,0.0,1.0,0.0,0.0,0.0,1.0,0.0,0.0,0.0
598,0.0,3.0,7.225,23.06368160312552,1.0,0.0,0.0,0.0,0.0,1.0,0.0,0.0,0.0
599,1.0,1.0,56.9292,49.0,1.0,0.0,0.0,0.0,0.0,0.0,0.0,1.0,0.0
600,1.0,2.0,27.0,24.0,0.0,1.0,0.0,0.0,0.0,0.0,1.0,0.0,1.0
601,0.0,3.0,7.8958,31.7020758712083,0.0,1.0,0.0,0.0,0.0,1.0,0.0,0.0,0.0
602,0.0,1.0,42.4,24.17235308591443,0.0,1.0,0.0,0.0,0.0,1.0,0.0,0.0,0.0
603,0.0,3.0,8.05,44.0,0.0,1.0,0.0,0.0,0.0,1.0,0.0,0.0,0.0
604,1.0,1.0,26.55,35.0,1.0,0.0,0.0,0.0,0.0,1.0,0.0,0.0,0.0
605,0.0,3.0,15.55,36.0,0.0,1.0,0.0,0.0,0.0,1.0,0.0,0.0,0.0
606,0.0,3.0,7.8958,30.0,0.0,1.0,0.0,0.0,0.0,1.0,0.0,0.0,0.0
607,1.0,1.0,30.5,27.0,0.0,1.0,0.0,0.0,0.0,1.0,0.0,0.0,0.0
608,1.0,2.0,41.5792,22.0,1.0,0.0,0.0,0.0,0.0,0.0,1.0,0.0,1.0
609,1.0,1.0,153.4625,40.0,0.0,1.0,0.0,0.0,1.0,0.0,0.0,0.0,1.0
610,0.0,3.0,31.275,39.0,0.0,1.0,0.0,0.0,0.0,0.0,1.0,0.0,1.0
611,0.0,3.0,7.05,39.65598325219752,0.0,1.0,0.0,0.0,0.0,1.0,0.0,0.0,0.0
612,1.0,3.0,15.5,9.041979967536442,0.0,0.0,1.0,0.0,1.0,0.0,0.0,0.0,1.0
613,0.0,3.0,7.75,9.995669256340996,0.0,0.0,1.0,0.0,0.0,1.0,0.0,0.0,0.0
614,0.0,3.0,8.05,35.0,0.0,1.0,0.0,0.0,0.0,1.0,0.0,0.0,0.0
615,1.0,2.0,65.0,24.0,0.0,1.0,0.0,0.0,1.0,0.0,0.0,0.0,1.0
616,0.0,3.0,14.4,34.0,0.0,1.0,0.0,0.0,0.0,1.0,0.0,0.0,0.0
617,0.0,3.0,16.1,26.0,0.0,1.0,0.0,0.0,0.0,0.0,1.0,0.0,1.0
618,1.0,2.0,39.0,4.0,0.0,1.0,0.0,0.0,1.0,0.0,0.0,0.0,1.0
619,0.0,2.0,10.5,26.0,0.0,1.0,0.0,0.0,0.0,1.0,0.0,0.0,0.0
620,0.0,3.0,14.4542,27.0,1.0,0.0,0.0,0.0,0.0,1.0,0.0,0.0,0.0
621,1.0,1.0,52.5542,42.0,0.0,1.0,0.0,0.0,0.0,1.0,0.0,0.0,0.0
622,1.0,3.0,15.7417,20.0,1.0,0.0,0.0,0.0,0.0,1.0,0.0,0.0,0.0
623,0.0,3.0,7.8542,21.0,0.0,1.0,0.0,0.0,0.0,1.0,0.0,0.0,0.0
624,0.0,3.0,16.1,21.0,0.0,1.0,0.0,0.0,0.0,1.0,0.0,0.0,0.0
625,0.0,1.0,32.3208,61.0,0.0,1.0,0.0,0.0,0.0,1.0,0.0,0.0,0.0
626,0.0,2.0,12.35,57.0,0.0,0.0,1.0,0.0,0.0,0.0,0.0,1.0,0.0
627,1.0,1.0,77.9583,21.0,0.0,1.0,0.0,0.0,1.0,0.0,0.0,0.0,1.0
628,0.0,3.0,7.8958,26.0,0.0,1.0,0.0,0.0,0.0,1.0,0.0,0.0,0.0
629,0.0,3.0,7.7333,30.47858773806725,0.0,0.0,1.0,0.0,0.0,1.0,0.0,0.0,0.0
630,1.0,1.0,30.0,80.0,0.0,1.0,0.0,0.0,0.0,1.0,0.0,0.0,0.0
631,0.0,3.0,7.0542,51.0,0.0,1.0,0.0,0.0,0.0,1.0,0.0,0.0,0.0
632,1.0,1.0,30.5,32.0,1.0,0.0,0.0,0.0,0.0,0.0,0.0,1.0,0.0
633,0.0,1.0,0.0,19.55774717181631,0.0,1.0,0.0,0.0,0.0,1.0,0.0,0.0,0.0
634,0.0,3.0,27.9,9.0,0.0,1.0,0.0,0.0,1.0,0.0,0.0,0.0,1.0
635,1.0,2.0,13.0,28.0,0.0,1.0,0.0,0.0,1.0,0.0,0.0,0.0,1.0
636,0.0,3.0,7.925,32.0,0.0,1.0,0.0,0.0,0.0,1.0,0.0,0.0,0.0
637,0.0,2.0,26.25,31.0,0.0,1.0,0.0,0.0,0.0,1.0,0.0,0.0,0.0
638,0.0,3.0,39.6875,41.0,0.0,1.0,0.0,0.0,0.0,0.0,1.0,0.0,1.0
639,0.0,3.0,16.1,36.99563667287632,0.0,1.0,0.0,0.0,0.0,1.0,0.0,0.0,0.0
640,0.0,3.0,7.8542,20.0,0.0,1.0,0.0,0.0,0.0,1.0,0.0,0.0,0.0
641,1.0,1.0,69.3,24.0,1.0,0.0,0.0,0.0,1.0,0.0,0.0,0.0,1.0
642,0.0,3.0,27.9,2.0,0.0,1.0,0.0,0.0,1.0,0.0,0.0,0.0,1.0
643,1.0,3.0,56.4958,28.830863282869586,0.0,1.0,0.0,0.0,0.0,1.0,0.0,0.0,0.0
644,1.0,3.0,19.2583,0.75,1.0,0.0,0.0,0.0,1.0,0.0,0.0,0.0,1.0
645,1.0,1.0,76.7292,48.0,1.0,0.0,0.0,0.0,0.0,1.0,0.0,0.0,0.0
646,0.0,3.0,7.8958,19.0,0.0,1.0,0.0,0.0,0.0,1.0,0.0,0.0,0.0
647,1.0,1.0,35.5,56.0,1.0,0.0,0.0,0.0,0.0,0.0,0.0,1.0,0.0
648,0.0,3.0,7.55,7.6697611859348385,0.0,1.0,0.0,0.0,0.0,1.0,0.0,0.0,0.0
649,1.0,3.0,7.55,23.0,0.0,1.0,0.0,0.0,1.0,0.0,0.0,0.0,1.0
650,0.0,3.0,7.8958,22.8747793716586,0.0,1.0,0.0,0.0,0.0,1.0,0.0,0.0,0.0
651,1.0,2.0,23.0,18.0,0.0,1.0,0.0,0.0,1.0,0.0,0.0,0.0,1.0
652,0.0,3.0,8.4333,21.0,0.0,1.0,0.0,0.0,0.0,1.0,0.0,0.0,0.0
653,1.0,3.0,7.8292,21.002393632323024,0.0,0.0,1.0,0.0,1.0,0.0,0.0,0.0,1.0
654,0.0,3.0,6.75,18.0,0.0,0.0,1.0,0.0,1.0,0.0,0.0,0.0,1.0
655,0.0,2.0,73.5,24.0,0.0,1.0,0.0,0.0,0.0,1.0,0.0,0.0,0.0
656,0.0,3.0,7.8958,4.77425556057986,0.0,1.0,0.0,0.0,0.0,1.0,0.0,0.0,0.0
657,0.0,3.0,15.5,32.0,0.0,0.0,1.0,0.0,0.0,0.0,1.0,0.0,1.0
658,0.0,2.0,13.0,23.0,0.0,1.0,0.0,0.0,0.0,1.0,0.0,0.0,0.0
659,0.0,1.0,113.275,58.0,1.0,0.0,0.0,0.0,0.0,1.0,0.0,0.0,0.0
660,1.0,1.0,133.65,50.0,0.0,1.0,0.0,0.0,0.0,0.0,0.0,1.0,0.0
661,0.0,3.0,7.225,40.0,1.0,0.0,0.0,0.0,0.0,1.0,0.0,0.0,0.0
662,0.0,1.0,25.5875,47.0,0.0,1.0,0.0,0.0,0.0,1.0,0.0,0.0,0.0
663,0.0,3.0,7.4958,36.0,0.0,1.0,0.0,0.0,0.0,1.0,0.0,0.0,0.0
664,1.0,3.0,7.925,20.0,0.0,1.0,0.0,0.0,0.0,1.0,0.0,0.0,0.0
665,0.0,2.0,73.5,32.0,0.0,1.0,0.0,0.0,0.0,1.0,0.0,0.0,0.0
666,0.0,2.0,13.0,25.0,0.0,1.0,0.0,0.0,0.0,1.0,0.0,0.0,0.0
667,0.0,3.0,7.775,39.00589583753519,0.0,1.0,0.0,0.0,0.0,1.0,0.0,0.0,0.0
668,0.0,3.0,8.05,43.0,0.0,1.0,0.0,0.0,0.0,1.0,0.0,0.0,0.0
669,1.0,1.0,52.0,21.838267367331895,0.0,1.0,0.0,0.0,0.0,0.0,1.0,0.0,1.0
670,1.0,2.0,39.0,40.0,0.0,1.0,0.0,0.0,0.0,0.0,1.0,0.0,1.0
671,0.0,1.0,52.0,31.0,0.0,1.0,0.0,0.0,0.0,1.0,0.0,0.0,0.0
672,0.0,2.0,10.5,70.0,0.0,1.0,0.0,0.0,0.0,1.0,0.0,0.0,0.0
673,1.0,2.0,13.0,31.0,0.0,1.0,0.0,0.0,0.0,1.0,0.0,0.0,0.0
674,0.0,2.0,0.0,23.059125987961608,0.0,1.0,0.0,0.0,0.0,1.0,0.0,0.0,0.0
675,0.0,3.0,7.775,18.0,0.0,1.0,0.0,0.0,0.0,1.0,0.0,0.0,0.0
676,0.0,3.0,8.05,24.5,0.0,1.0,0.0,0.0,0.0,1.0,0.0,0.0,0.0
677,1.0,3.0,9.8417,18.0,0.0,1.0,0.0,0.0,1.0,0.0,0.0,0.0,1.0
678,0.0,3.0,46.9,43.0,0.0,1.0,0.0,0.0,0.0,0.0,1.0,0.0,1.0
679,1.0,1.0,512.3292,36.0,1.0,0.0,0.0,0.0,0.0,1.0,0.0,0.0,0.0
680,0.0,3.0,8.1375,39.90182573515264,0.0,0.0,1.0,0.0,1.0,0.0,0.0,0.0,1.0
681,1.0,1.0,76.7292,27.0,1.0,0.0,0.0,0.0,0.0,1.0,0.0,0.0,0.0
682,0.0,3.0,9.225,20.0,0.0,1.0,0.0,0.0,0.0,1.0,0.0,0.0,0.0
683,0.0,3.0,46.9,14.0,0.0,1.0,0.0,0.0,0.0,1.0,0.0,0.0,0.0
684,0.0,2.0,39.0,60.0,0.0,1.0,0.0,0.0,0.0,1.0,0.0,0.0,0.0
685,0.0,2.0,41.5792,25.0,1.0,0.0,0.0,0.0,0.0,1.0,0.0,0.0,0.0
686,0.0,3.0,39.6875,14.0,0.0,1.0,0.0,0.0,0.0,1.0,0.0,0.0,0.0
687,0.0,3.0,10.1708,19.0,0.0,1.0,0.0,0.0,0.0,1.0,0.0,0.0,0.0
688,0.0,3.0,7.7958,18.0,0.0,1.0,0.0,0.0,0.0,1.0,0.0,0.0,0.0
689,1.0,1.0,211.3375,15.0,0.0,1.0,0.0,0.0,1.0,0.0,0.0,0.0,1.0
690,1.0,1.0,57.0,31.0,0.0,1.0,0.0,0.0,0.0,1.0,0.0,0.0,0.0
691,1.0,3.0,13.4167,4.0,1.0,0.0,0.0,0.0,1.0,0.0,0.0,0.0,1.0
692,1.0,3.0,56.4958,5.283968107130541,0.0,1.0,0.0,0.0,0.0,1.0,0.0,0.0,0.0
693,0.0,3.0,7.225,25.0,1.0,0.0,0.0,0.0,0.0,1.0,0.0,0.0,0.0
694,0.0,1.0,26.55,60.0,0.0,1.0,0.0,0.0,0.0,0.0,0.0,1.0,0.0
695,0.0,2.0,13.5,52.0,0.0,1.0,0.0,0.0,0.0,1.0,0.0,0.0,0.0
696,0.0,3.0,8.05,44.0,0.0,1.0,0.0,0.0,0.0,1.0,0.0,0.0,0.0
697,1.0,3.0,7.7333,16.111429872962407,0.0,0.0,1.0,0.0,1.0,0.0,0.0,0.0,1.0
698,0.0,1.0,110.8833,49.0,1.0,0.0,0.0,0.0,0.0,1.0,0.0,0.0,0.0
699,0.0,3.0,7.65,42.0,0.0,1.0,0.0,0.0,0.0,1.0,0.0,0.0,0.0
700,1.0,1.0,227.525,18.0,1.0,0.0,0.0,0.0,0.0,0.0,1.0,0.0,1.0
701,1.0,1.0,26.2875,35.0,0.0,1.0,0.0,0.0,0.0,1.0,0.0,0.0,0.0
702,0.0,3.0,14.4542,18.0,1.0,0.0,0.0,0.0,1.0,0.0,0.0,0.0,1.0
703,0.0,3.0,7.7417,25.0,0.0,0.0,1.0,0.0,0.0,1.0,0.0,0.0,0.0
704,0.0,3.0,7.8542,26.0,0.0,1.0,0.0,0.0,0.0,1.0,0.0,0.0,0.0
705,0.0,2.0,26.0,39.0,0.0,1.0,0.0,0.0,0.0,1.0,0.0,0.0,0.0
706,1.0,2.0,13.5,45.0,0.0,1.0,0.0,0.0,0.0,0.0,1.0,0.0,1.0
707,1.0,1.0,26.2875,42.0,0.0,1.0,0.0,0.0,0.0,1.0,0.0,0.0,0.0
708,1.0,1.0,151.55,22.0,0.0,1.0,0.0,0.0,1.0,0.0,0.0,0.0,1.0
709,1.0,3.0,15.2458,45.26964199767591,1.0,0.0,0.0,1.0,0.0,0.0,0.0,0.0,0.0
710,1.0,1.0,49.5042,24.0,1.0,0.0,0.0,0.0,1.0,0.0,0.0,0.0,1.0
711,0.0,1.0,26.55,58.69355322737315,0.0,1.0,0.0,0.0,0.0,1.0,0.0,0.0,0.0
712,1.0,1.0,52.0,48.0,0.0,1.0,0.0,0.0,0.0,1.0,0.0,0.0,0.0
713,0.0,3.0,9.4833,29.0,0.0,1.0,0.0,0.0,0.0,1.0,0.0,0.0,0.0
714,0.0,2.0,13.0,52.0,0.0,1.0,0.0,0.0,0.0,1.0,0.0,0.0,0.0
715,0.0,3.0,7.65,19.0,0.0,1.0,0.0,0.0,0.0,1.0,0.0,0.0,0.0
716,1.0,1.0,227.525,38.0,1.0,0.0,0.0,0.0,1.0,0.0,0.0,0.0,1.0
717,1.0,2.0,10.5,27.0,0.0,1.0,0.0,0.0,1.0,0.0,0.0,0.0,1.0
718,0.0,3.0,15.5,-3.3318978033844573,0.0,0.0,1.0,0.0,0.0,1.0,0.0,0.0,0.0
719,0.0,3.0,7.775,33.0,0.0,1.0,0.0,0.0,0.0,1.0,0.0,0.0,0.0
720,1.0,2.0,33.0,6.0,0.0,1.0,0.0,0.0,1.0,0.0,0.0,0.0,1.0
721,0.0,3.0,7.0542,17.0,0.0,1.0,0.0,0.0,0.0,1.0,0.0,0.0,0.0
722,0.0,2.0,13.0,34.0,0.0,1.0,0.0,0.0,0.0,1.0,0.0,0.0,0.0
723,0.0,2.0,13.0,50.0,0.0,1.0,0.0,0.0,0.0,1.0,0.0,0.0,0.0
724,1.0,1.0,53.1,27.0,0.0,1.0,0.0,0.0,0.0,1.0,0.0,0.0,0.0
725,0.0,3.0,8.6625,20.0,0.0,1.0,0.0,0.0,0.0,1.0,0.0,0.0,0.0
726,1.0,2.0,21.0,30.0,0.0,1.0,0.0,0.0,0.0,0.0,1.0,0.0,1.0
727,1.0,3.0,7.7375,31.708676365424413,0.0,0.0,1.0,0.0,1.0,0.0,0.0,0.0,1.0
728,0.0,2.0,26.0,25.0,0.0,1.0,0.0,0.0,0.0,1.0,0.0,0.0,0.0
729,0.0,3.0,7.925,25.0,0.0,1.0,0.0,0.0,1.0,0.0,0.0,0.0,1.0
730,1.0,1.0,211.3375,29.0,0.0,1.0,0.0,0.0,1.0,0.0,0.0,0.0,1.0
731,0.0,3.0,18.7875,11.0,1.0,0.0,0.0,0.0,0.0,1.0,0.0,0.0,0.0
732,0.0,2.0,0.0,16.62967235051687,0.0,1.0,0.0,0.0,0.0,1.0,0.0,0.0,0.0
733,0.0,2.0,13.0,23.0,0.0,1.0,0.0,0.0,0.0,1.0,0.0,0.0,0.0
734,0.0,2.0,13.0,23.0,0.0,1.0,0.0,0.0,0.0,1.0,0.0,0.0,0.0
735,0.0,3.0,16.1,28.5,0.0,1.0,0.0,0.0,0.0,1.0,0.0,0.0,0.0
736,0.0,3.0,34.375,48.0,0.0,1.0,0.0,0.0,0.0,0.0,1.0,0.0,1.0
737,1.0,1.0,512.3292,35.0,1.0,0.0,0.0,0.0,0.0,1.0,0.0,0.0,0.0
738,0.0,3.0,7.8958,21.350038604417684,0.0,1.0,0.0,0.0,0.0,1.0,0.0,0.0,0.0
739,0.0,3.0,7.8958,12.66607320524534,0.0,1.0,0.0,0.0,0.0,1.0,0.0,0.0,0.0
740,1.0,1.0,30.0,44.70178783204822,0.0,1.0,0.0,0.0,0.0,1.0,0.0,0.0,0.0
741,0.0,1.0,78.85,36.0,0.0,1.0,0.0,0.0,0.0,1.0,0.0,0.0,0.0
742,1.0,1.0,262.375,21.0,1.0,0.0,0.0,0.0,1.0,0.0,0.0,0.0,1.0
743,0.0,3.0,16.1,24.0,0.0,1.0,0.0,0.0,0.0,1.0,0.0,0.0,0.0
744,1.0,3.0,7.925,31.0,0.0,1.0,0.0,0.0,0.0,1.0,0.0,0.0,0.0
745,0.0,1.0,71.0,70.0,0.0,1.0,0.0,0.0,0.0,0.0,0.0,1.0,0.0
746,0.0,3.0,20.25,16.0,0.0,1.0,0.0,0.0,0.0,1.0,0.0,0.0,0.0
747,1.0,2.0,13.0,30.0,0.0,1.0,0.0,0.0,1.0,0.0,0.0,0.0,1.0
748,0.0,1.0,53.1,19.0,0.0,1.0,0.0,0.0,0.0,1.0,0.0,0.0,0.0
749,0.0,3.0,7.75,31.0,0.0,0.0,1.0,0.0,0.0,1.0,0.0,0.0,0.0
750,1.0,2.0,23.0,4.0,0.0,1.0,0.0,0.0,1.0,0.0,0.0,0.0,1.0
751,1.0,3.0,12.475,6.0,0.0,1.0,0.0,1.0,0.0,0.0,0.0,0.0,0.0
752,0.0,3.0,9.5,33.0,0.0,1.0,0.0,0.0,0.0,1.0,0.0,0.0,0.0
753,0.0,3.0,7.8958,23.0,0.0,1.0,0.0,0.0,0.0,1.0,0.0,0.0,0.0
754,1.0,2.0,65.0,48.0,0.0,1.0,0.0,0.0,0.0,0.0,1.0,0.0,1.0
755,1.0,2.0,14.5,0.67,0.0,1.0,0.0,1.0,0.0,0.0,0.0,0.0,0.0
756,0.0,3.0,7.7958,28.0,0.0,1.0,0.0,0.0,0.0,1.0,0.0,0.0,0.0
757,0.0,2.0,11.5,18.0,0.0,1.0,0.0,0.0,0.0,1.0,0.0,0.0,0.0
758,0.0,3.0,8.05,34.0,0.0,1.0,0.0,0.0,0.0,1.0,0.0,0.0,0.0
759,1.0,1.0,86.5,33.0,0.0,1.0,0.0,0.0,0.0,0.0,0.0,1.0,1.0
760,0.0,3.0,14.5,32.65005057667283,0.0,1.0,0.0,0.0,0.0,1.0,0.0,0.0,0.0
761,0.0,3.0,7.125,41.0,0.0,1.0,0.0,0.0,0.0,1.0,0.0,0.0,0.0
762,1.0,3.0,7.2292,20.0,1.0,0.0,0.0,0.0,0.0,1.0,0.0,0.0,0.0
763,1.0,1.0,120.0,36.0,0.0,1.0,0.0,0.0,0.0,0.0,1.0,0.0,1.0
764,0.0,3.0,7.775,16.0,0.0,1.0,0.0,0.0,0.0,1.0,0.0,0.0,0.0
765,1.0,1.0,77.9583,51.0,0.0,1.0,0.0,0.0,0.0,0.0,1.0,0.0,1.0
766,0.0,1.0,39.6,39.27185216010759,1.0,0.0,0.0,0.0,0.0,0.0,0.0,1.0,0.0
767,0.0,3.0,7.75,30.5,0.0,0.0,1.0,0.0,1.0,0.0,0.0,0.0,1.0
768,0.0,3.0,24.15,20.67810999704265,0.0,0.0,1.0,0.0,0.0,1.0,0.0,0.0,0.0
769,0.0,3.0,8.3625,32.0,0.0,1.0,0.0,0.0,0.0,1.0,0.0,0.0,0.0
770,0.0,3.0,9.5,24.0,0.0,1.0,0.0,0.0,0.0,1.0,0.0,0.0,0.0
771,0.0,3.0,7.8542,48.0,0.0,1.0,0.0,0.0,0.0,1.0,0.0,0.0,0.0
772,0.0,2.0,10.5,57.0,0.0,1.0,0.0,0.0,0.0,0.0,1.0,0.0,1.0
773,0.0,3.0,7.225,-1.5792571040011438,1.0,0.0,0.0,0.0,0.0,1.0,0.0,0.0,0.0
774,1.0,2.0,23.0,54.0,0.0,1.0,0.0,0.0,0.0,0.0,1.0,0.0,1.0
775,0.0,3.0,7.75,18.0,0.0,1.0,0.0,0.0,0.0,1.0,0.0,0.0,0.0
776,0.0,3.0,7.75,49.93964851870662,0.0,0.0,1.0,0.0,0.0,1.0,0.0,0.0,0.0
777,1.0,3.0,12.475,5.0,0.0,1.0,0.0,0.0,1.0,0.0,0.0,0.0,1.0
778,0.0,3.0,7.7375,57.85241294106446,0.0,0.0,1.0,0.0,0.0,1.0,0.0,0.0,0.0
779,1.0,1.0,211.3375,43.0,0.0,1.0,0.0,0.0,0.0,0.0,1.0,0.0,1.0
780,1.0,3.0,7.2292,13.0,1.0,0.0,0.0,0.0,1.0,0.0,0.0,0.0,1.0
781,1.0,1.0,57.0,17.0,0.0,1.0,0.0,0.0,0.0,0.0,1.0,0.0,1.0
782,0.0,1.0,30.0,29.0,0.0,1.0,0.0,0.0,0.0,1.0,0.0,0.0,0.0
783,0.0,3.0,23.45,23.236974995132638,0.0,1.0,0.0,0.0,0.0,1.0,0.0,0.0,0.0
784,0.0,3.0,7.05,25.0,0.0,1.0,0.0,0.0,0.0,1.0,0.0,0.0,0.0
785,0.0,3.0,7.25,25.0,0.0,1.0,0.0,0.0,0.0,1.0,0.0,0.0,0.0
786,1.0,3.0,7.4958,18.0,0.0,1.0,0.0,0.0,1.0,0.0,0.0,0.0,1.0
787,0.0,3.0,29.125,8.0,0.0,0.0,1.0,1.0,0.0,0.0,0.0,0.0,0.0
788,1.0,3.0,20.575,1.0,0.0,1.0,0.0,1.0,0.0,0.0,0.0,0.0,0.0
789,0.0,1.0,79.2,46.0,1.0,0.0,0.0,0.0,0.0,1.0,0.0,0.0,0.0
790,0.0,3.0,7.75,46.78356584200492,0.0,0.0,1.0,0.0,0.0,1.0,0.0,0.0,0.0
791,0.0,2.0,26.0,16.0,0.0,1.0,0.0,0.0,0.0,1.0,0.0,0.0,0.0
792,0.0,3.0,69.55,20.110593519800354,0.0,1.0,0.0,0.0,1.0,0.0,0.0,0.0,1.0
793,0.0,1.0,30.6958,34.52836978253399,1.0,0.0,0.0,0.0,0.0,1.0,0.0,0.0,0.0
794,0.0,3.0,7.8958,25.0,0.0,1.0,0.0,0.0,0.0,1.0,0.0,0.0,0.0
795,0.0,2.0,13.0,39.0,0.0,1.0,0.0,0.0,0.0,1.0,0.0,0.0,0.0
796,1.0,1.0,25.9292,49.0,0.0,1.0,0.0,0.0,0.0,0.0,0.0,1.0,1.0
797,1.0,3.0,8.6833,31.0,0.0,1.0,0.0,0.0,0.0,0.0,1.0,0.0,1.0
798,0.0,3.0,7.2292,30.0,1.0,0.0,0.0,0.0,0.0,1.0,0.0,0.0,0.0
799,0.0,3.0,24.15,30.0,0.0,1.0,0.0,0.0,0.0,0.0,1.0,0.0,1.0
800,0.0,2.0,13.0,34.0,0.0,1.0,0.0,0.0,0.0,1.0,0.0,0.0,0.0
801,1.0,2.0,26.25,31.0,0.0,1.0,0.0,0.0,0.0,0.0,1.0,0.0,1.0
802,1.0,1.0,120.0,11.0,0.0,1.0,0.0,1.0,0.0,0.0,0.0,0.0,0.0
803,1.0,3.0,8.5167,0.42,1.0,0.0,0.0,1.0,0.0,0.0,0.0,0.0,0.0
804,1.0,3.0,6.975,27.0,0.0,1.0,0.0,0.0,0.0,1.0,0.0,0.0,0.0
805,0.0,3.0,7.775,31.0,0.0,1.0,0.0,0.0,0.0,1.0,0.0,0.0,0.0
806,0.0,1.0,0.0,39.0,0.0,1.0,0.0,0.0,0.0,1.0,0.0,0.0,0.0
807,0.0,3.0,7.775,18.0,0.0,1.0,0.0,0.0,1.0,0.0,0.0,0.0,1.0
808,0.0,2.0,13.0,39.0,0.0,1.0,0.0,0.0,0.0,1.0,0.0,0.0,0.0
809,1.0,1.0,53.1,33.0,0.0,1.0,0.0,0.0,0.0,0.0,1.0,0.0,1.0
810,0.0,3.0,7.8875,26.0,0.0,1.0,0.0,0.0,0.0,1.0,0.0,0.0,0.0
811,0.0,3.0,24.15,39.0,0.0,1.0,0.0,0.0,0.0,1.0,0.0,0.0,0.0
812,0.0,2.0,10.5,35.0,0.0,1.0,0.0,0.0,0.0,1.0,0.0,0.0,0.0
813,0.0,3.0,31.275,6.0,0.0,1.0,0.0,0.0,1.0,0.0,0.0,0.0,1.0
814,0.0,3.0,8.05,30.5,0.0,1.0,0.0,0.0,0.0,1.0,0.0,0.0,0.0
815,0.0,1.0,0.0,38.16147684802915,0.0,1.0,0.0,0.0,0.0,1.0,0.0,0.0,0.0
816,0.0,3.0,7.925,23.0,0.0,1.0,0.0,0.0,1.0,0.0,0.0,0.0,1.0
817,0.0,2.0,37.0042,31.0,1.0,0.0,0.0,0.0,0.0,1.0,0.0,0.0,0.0
818,0.0,3.0,6.45,43.0,0.0,1.0,0.0,0.0,0.0,1.0,0.0,0.0,0.0
819,0.0,3.0,27.9,10.0,0.0,1.0,0.0,1.0,0.0,0.0,0.0,0.0,0.0
820,1.0,1.0,93.5,52.0,0.0,1.0,0.0,0.0,0.0,0.0,1.0,0.0,1.0
821,1.0,3.0,8.6625,27.0,0.0,1.0,0.0,0.0,0.0,1.0,0.0,0.0,0.0
822,0.0,1.0,0.0,38.0,0.0,1.0,0.0,0.0,0.0,0.0,0.0,1.0,0.0
823,1.0,3.0,12.475,27.0,0.0,1.0,0.0,0.0,0.0,0.0,1.0,0.0,1.0
824,0.0,3.0,39.6875,2.0,0.0,1.0,0.0,1.0,0.0,0.0,0.0,0.0,0.0
825,0.0,3.0,6.95,43.60089620556127,0.0,0.0,1.0,0.0,0.0,1.0,0.0,0.0,0.0
826,0.0,3.0,56.4958,16.338355030059297,0.0,1.0,0.0,0.0,0.0,1.0,0.0,0.0,0.0
827,1.0,2.0,37.0042,1.0,1.0,0.0,0.0,1.0,0.0,0.0,0.0,0.0,0.0
828,1.0,3.0,7.75,63.31152555453218,0.0,0.0,1.0,0.0,0.0,1.0,0.0,0.0,0.0
829,1.0,1.0,80.0,62.0,0.0,0.0,0.0,0.0,0.0,0.0,1.0,0.0,1.0
830,1.0,3.0,14.4542,15.0,1.0,0.0,0.0,0.0,0.0,0.0,1.0,0.0,1.0
831,1.0,2.0,18.75,0.83,0.0,1.0,0.0,1.0,0.0,0.0,0.0,0.0,0.0
832,0.0,3.0,7.2292,21.318674577971777,1.0,0.0,0.0,0.0,0.0,1.0,0.0,0.0,0.0
833,0.0,3.0,7.8542,23.0,0.0,1.0,0.0,0.0,0.0,1.0,0.0,0.0,0.0
834,0.0,3.0,8.3,18.0,0.0,1.0,0.0,0.0,0.0,1.0,0.0,0.0,0.0
835,1.0,1.0,83.1583,39.0,1.0,0.0,0.0,0.0,1.0,0.0,0.0,0.0,1.0
836,0.0,3.0,8.6625,21.0,0.0,1.0,0.0,0.0,0.0,1.0,0.0,0.0,0.0
837,0.0,3.0,8.05,12.201994077532058,0.0,1.0,0.0,0.0,0.0,1.0,0.0,0.0,0.0
838,1.0,3.0,56.4958,32.0,0.0,1.0,0.0,0.0,0.0,1.0,0.0,0.0,0.0
839,1.0,1.0,29.7,39.58453837380757,1.0,0.0,0.0,0.0,0.0,1.0,0.0,0.0,0.0
840,0.0,3.0,7.925,20.0,0.0,1.0,0.0,0.0,0.0,1.0,0.0,0.0,0.0
841,0.0,2.0,10.5,16.0,0.0,1.0,0.0,0.0,0.0,1.0,0.0,0.0,0.0
842,1.0,1.0,31.0,30.0,1.0,0.0,0.0,0.0,1.0,0.0,0.0,0.0,1.0
843,0.0,3.0,6.4375,34.5,1.0,0.0,0.0,0.0,0.0,1.0,0.0,0.0,0.0
844,0.0,3.0,8.6625,17.0,0.0,1.0,0.0,0.0,0.0,1.0,0.0,0.0,0.0
845,0.0,3.0,7.55,42.0,0.0,1.0,0.0,0.0,0.0,1.0,0.0,0.0,0.0
846,0.0,3.0,69.55,9.657908365462498,0.0,1.0,0.0,0.0,0.0,1.0,0.0,0.0,0.0
847,0.0,3.0,7.8958,35.0,1.0,0.0,0.0,0.0,0.0,1.0,0.0,0.0,0.0
848,0.0,2.0,33.0,28.0,0.0,1.0,0.0,0.0,0.0,0.0,0.0,1.0,0.0
849,1.0,1.0,89.1042,52.12538327916272,1.0,0.0,0.0,0.0,0.0,0.0,1.0,0.0,1.0
850,0.0,3.0,31.275,4.0,0.0,1.0,0.0,1.0,0.0,0.0,0.0,0.0,0.0
851,0.0,3.0,7.775,74.0,0.0,1.0,0.0,0.0,0.0,1.0,0.0,0.0,0.0
852,0.0,3.0,15.2458,9.0,1.0,0.0,0.0,0.0,1.0,0.0,0.0,0.0,1.0
853,1.0,1.0,39.4,16.0,0.0,1.0,0.0,0.0,1.0,0.0,0.0,0.0,1.0
854,0.0,2.0,26.0,44.0,0.0,1.0,0.0,0.0,0.0,0.0,1.0,0.0,1.0
855,1.0,3.0,9.35,18.0,0.0,1.0,0.0,0.0,0.0,0.0,1.0,0.0,1.0
856,1.0,1.0,164.8667,45.0,0.0,1.0,0.0,0.0,0.0,0.0,1.0,0.0,1.0
857,1.0,1.0,26.55,51.0,0.0,1.0,0.0,0.0,0.0,1.0,0.0,0.0,0.0
858,1.0,3.0,19.2583,24.0,1.0,0.0,0.0,0.0,0.0,0.0,1.0,0.0,1.0
859,0.0,3.0,7.2292,21.328917475334325,1.0,0.0,0.0,0.0,0.0,1.0,0.0,0.0,0.0
860,0.0,3.0,14.1083,41.0,0.0,1.0,0.0,0.0,0.0,1.0,0.0,0.0,0.0
861,0.0,2.0,11.5,21.0,0.0,1.0,0.0,0.0,0.0,1.0,0.0,0.0,0.0
862,1.0,1.0,25.9292,48.0,0.0,1.0,0.0,0.0,0.0,0.0,1.0,0.0,1.0
863,0.0,3.0,69.55,15.447098077027196,0.0,1.0,0.0,0.0,1.0,0.0,0.0,0.0,1.0
864,0.0,2.0,13.0,24.0,0.0,1.0,0.0,0.0,0.0,1.0,0.0,0.0,0.0
865,1.0,2.0,13.0,42.0,0.0,1.0,0.0,0.0,0.0,0.0,1.0,0.0,1.0
866,1.0,2.0,13.8583,27.0,1.0,0.0,0.0,0.0,1.0,0.0,0.0,0.0,1.0
867,0.0,1.0,50.4958,31.0,0.0,1.0,0.0,0.0,0.0,1.0,0.0,0.0,0.0
868,0.0,3.0,9.5,50.97360876998261,0.0,1.0,0.0,0.0,0.0,1.0,0.0,0.0,0.0
869,1.0,3.0,11.1333,4.0,0.0,1.0,0.0,1.0,0.0,0.0,0.0,0.0,0.0
870,0.0,3.0,7.8958,26.0,0.0,1.0,0.0,0.0,0.0,1.0,0.0,0.0,0.0
871,1.0,1.0,52.5542,47.0,0.0,1.0,0.0,0.0,0.0,0.0,1.0,0.0,1.0
872,0.0,1.0,5.0,33.0,0.0,1.0,0.0,0.0,0.0,1.0,0.0,0.0,0.0
873,0.0,3.0,9.0,47.0,0.0,1.0,0.0,0.0,0.0,1.0,0.0,0.0,0.0
874,1.0,2.0,24.0,28.0,1.0,0.0,0.0,0.0,0.0,0.0,1.0,0.0,1.0
875,1.0,3.0,7.225,15.0,1.0,0.0,0.0,0.0,1.0,0.0,0.0,0.0,1.0
876,0.0,3.0,9.8458,20.0,0.0,1.0,0.0,0.0,0.0,1.0,0.0,0.0,0.0
877,0.0,3.0,7.8958,19.0,0.0,1.0,0.0,0.0,0.0,1.0,0.0,0.0,0.0
878,0.0,3.0,7.8958,25.152297514439034,0.0,1.0,0.0,0.0,0.0,1.0,0.0,0.0,0.0
879,1.0,1.0,83.1583,56.0,1.0,0.0,0.0,0.0,0.0,0.0,1.0,0.0,1.0
880,1.0,2.0,26.0,25.0,0.0,1.0,0.0,0.0,0.0,0.0,1.0,0.0,1.0
881,0.0,3.0,7.8958,33.0,0.0,1.0,0.0,0.0,0.0,1.0,0.0,0.0,0.0
882,0.0,3.0,10.5167,22.0,0.0,1.0,0.0,0.0,1.0,0.0,0.0,0.0,1.0
883,0.0,2.0,10.5,28.0,0.0,1.0,0.0,0.0,0.0,1.0,0.0,0.0,0.0
884,0.0,3.0,7.05,25.0,0.0,1.0,0.0,0.0,0.0,1.0,0.0,0.0,0.0
885,0.0,3.0,29.125,39.0,0.0,0.0,1.0,0.0,0.0,0.0,1.0,0.0,1.0
886,0.0,2.0,13.0,27.0,0.0,1.0,0.0,0.0,0.0,0.0,0.0,1.0,0.0
887,1.0,1.0,30.0,19.0,0.0,1.0,0.0,0.0,1.0,0.0,0.0,0.0,1.0
888,0.0,3.0,23.45,32.96186644245797,0.0,1.0,0.0,0.0,1.0,0.0,0.0,0.0,1.0
889,1.0,1.0,30.0,26.0,1.0,0.0,0.0,0.0,0.0,1.0,0.0,0.0,0.0
890,0.0,3.0,7.75,32.0,0.0,0.0,1.0,0.0,0.0,1.0,0.0,0.0,0.0
